Date,Open,High,Low,Close,SP,Chg,%Chg,Vol,OI,Series
28/6/2019,"1,144.5","1,149.5","1,143.4","1,148.4","1,148.20",1.90,0.0017,"115,738","316,223",U19
1/7/2019,"1,161.9","1,163.6","1,155.4","1,157.2","1,157.30",9.10,0.0079,"133,682","321,194",U19
2/7/2019,"1,153.5","1,156.1","1,149.3","1,150.4","1,150.60",-6.70,-0.0058,"119,790","325,410",U19
3/7/2019,"1,150.0","1,155.9","1,148.1","1,153.3","1,153.20",2.60,0.0023,"124,920","340,505",U19
4/7/2019,"1,153.2","1,157.4","1,136.7","1,141.8","1,142.20",-11.00,-0.0095,"199,165","324,931",U19
5/7/2019,"1,143.0","1,147.0","1,138.2","1,146.8","1,146.70",4.50,0.0039,"136,334","332,161",U19
8/7/2019,"1,142.5","1,144.0","1,137.4","1,141.0","1,141.30",-5.40,-0.0047,"140,711","322,871",U19
9/7/2019,"1,138.8","1,142.0","1,133.2","1,134.0","1,134.20",-7.10,-0.0062,"147,509","314,458",U19
10/7/2019,"1,137.3","1,151.9","1,136.8","1,148.7","1,148.50",14.30,0.0126,"179,515","335,614",U19
11/7/2019,"1,154.0","1,154.8","1,147.1","1,152.0","1,151.30",2.80,0.0024,"129,135","336,135",U19
12/7/2019,"1,150.9","1,153.0","1,136.7","1,141.2","1,141.60",-9.70,-0.0084,"171,333","330,159",U19
15/7/2019,"1,141.2","1,146.8","1,138.3","1,139.0","1,138.90",-2.70,-0.0024,"141,130","322,284",U19
17/7/2019,"1,136.0","1,142.8","1,134.3","1,137.2","1,136.70",-2.20,-0.0019,"151,200","331,320",U19
18/7/2019,"1,133.1","1,139.1","1,132.0","1,137.7","1,137.70",1.00,0.0009,"116,516","337,578",U19
19/7/2019,"1,146.0","1,149.5","1,144.1","1,145.1","1,145.50",7.80,0.0069,"105,752","341,425",U19
22/7/2019,"1,139.9","1,142.9","1,135.4","1,139.0","1,138.80",-6.70,-0.0058,"105,969","331,923",U19
23/7/2019,"1,141.0","1,142.0","1,134.2","1,136.9","1,136.80",-2.00,-0.0018,"100,941","333,393",U19
24/7/2019,"1,138.3","1,139.5","1,132.4","1,137.3","1,136.90",0.10,0.0001,"114,859","342,187",U19
25/7/2019,"1,137.0","1,139.5","1,136.2","1,138.2","1,138.00",1.10,0.00,"80,891","343,493",U19
26/7/2019,"1,135.1","1,136.4","1,125.1","1,128.5","1,128.70",-9.30,-0.0082,"161,423","337,211",U19
30/7/2019,"1,130.0","1,130.8","1,121.6","1,122.7","1,123.20",-5.50,-0.0049,"115,452","334,466",U19
31/7/2019,"1,120.0","1,128.0","1,119.8","1,125.2","1,125.20",2.00,0.0018,"113,069","327,616",U19
1/8/2019,"1,122.9","1,123.3","1,116.6","1,119.3","1,119.70",-5.50,-0.0049,"132,019","340,106",U19
2/8/2019,"1,110.0","1,110.0","1,101.0","1,107.1","1,107.60",-12.10,-0.0108,"197,220","321,068",U19
5/8/2019,"1,098.6","1,105.0","1,091.8","1,091.8","1,093.60",-14.00,-0.0126,"152,441","319,489",U19
6/8/2019,"1,080.2","1,098.6","1,080.1","1,098.0","1,097.90",4.30,0.0039,"219,333","313,447",U19
7/8/2019,"1,093.6","1,102.8","1,091.2","1,093.1","1,093.20",-4.70,-0.0043,"176,458","298,503",U19
8/8/2019,"1,096.1","1,097.4","1,088.8","1,089.3","1,089.80",-3.40,-0.0031,"146,316","294,834",U19
9/8/2019,"1,092.5","1,096.5","1,082.0","1,083.5","1,083.70",-6.10,-0.0056,"128,488","281,230",U19
13/8/2019,"1,080.3","1,081.6","1,055.5","1,056.1","1,056.60",-27.10,-0.03,"194,821","275,967",U19
14/8/2019,"1,065.0","1,074.8","1,056.0","1,061.8","1,061.60",5.00,0.0047,"235,801","268,739",U19
15/8/2019,"1,052.0","1,060.1","1,045.1","1,047.4","1,047.60",-14.00,-0.0132,"289,299","280,352",U19
16/8/2019,"1,051.0","1,072.5","1,050.8","1,069.0","1,069.30",21.70,0.0207,"263,952","271,298",U19
19/8/2019,"1,075.0","1,078.3","1,071.5","1,075.9","1,075.90",6.60,0.0062,"154,981","266,787",U19
20/8/2019,"1,077.0","1,077.3","1,063.0","1,065.0","1,065.60",-10.30,-0.0096,"183,775","269,471",U19
21/8/2019,"1,064.2","1,079.7","1,064.2","1,077.3","1,076.60",11.00,0.0103,"202,812","271,642",U19
22/8/2019,"1,072.2","1,075.0","1,057.0","1,072.2","1,071.60",-5.00,-0.0046,"221,675","262,244",U19
23/8/2019,"1,079.9","1,084.3","1,075.5","1,083.0","1,082.90",11.30,0.0105,"150,419","259,316",U19
26/8/2019,"1,064.0","1,068.7","1,056.1","1,066.4","1,066.80",-16.10,-0.0149,"240,612","272,578",U19
27/8/2019,"1,063.5","1,070.3","1,057.0","1,060.5","1,060.50",-6.30,-0.0059,"219,812","271,904",U19
28/8/2019,"1,061.5","1,064.4","1,058.6","1,062.5","1,062.30",1.80,0.0017,"137,207","273,913",U19
29/8/2019,"1,065.0","1,078.3","1,063.7","1,077.6","1,077.60",15.30,0.0144,"172,985","275,497",U19
30/8/2019,"1,082.5","1,091.3","1,079.8","1,089.1","1,089.30",11.70,0.0109,"183,981","277,233",U19
2/9/2019,"1,086.0","1,093.7","1,084.1","1,087.5","1,087.80",-1.50,-0.0014,"121,783","280,172",U19
3/9/2019,"1,087.0","1,090.9","1,078.4","1,080.8","1,081.20",-6.60,-0.0061,"186,701","300,030",U19
4/9/2019,"1,085.8","1,100.9","1,085.5","1,097.2","1,096.00",14.80,0.0137,"196,616","303,128",U19
5/9/2019,"1,105.1","1,107.1","1,098.1","1,106.2","1,106.10",10.10,0.0092,"155,025","293,881",U19
6/9/2019,"1,110.0","1,111.0","1,104.0","1,105.8","1,105.30",-0.80,-0.0007,"113,573","270,457",U19
9/9/2019,"1,106.0","1,108.9","1,101.5","1,106.2","1,106.20",0.90,0.0008,"120,286","267,976",U19
10/9/2019,"1,106.8","1,109.4","1,098.6","1,103.6","1,103.70",-2.50,-0.0023,"150,706","274,897",U19
11/9/2019,"1,107.2","1,113.0","1,103.1","1,112.8","1,112.50",8.80,0.01,"152,252","268,094",U19
12/9/2019,"1,114.5","1,115.7","1,099.6","1,099.9","1,100.40",-12.10,-0.0109,"170,124","263,834",U19
13/9/2019,"1,103.0","1,105.7","1,096.4","1,102.2","1,102.10",1.70,0.0015,"159,788","258,146",U19
16/9/2019,"1,103.0","1,106.9","1,099.0","1,102.6","1,102.60",0.50,0.0005,"108,147","256,364",U19
17/9/2019,"1,103.0","1,110.0","1,100.6","1,106.2","1,105.50",2.90,0.0026,"157,842","259,844",U19
18/9/2019,"1,101.7","1,103.9","1,096.6","1,098.6","1,098.60",-6.90,-0.0062,"144,849","260,809",U19
19/9/2019,"1,097.0","1,102.0","1,087.9","1,087.9","1,088.60",-10.00,-0.0091,"151,567","253,122",U19
20/9/2019,"1,089.0","1,091.0","1,082.7","1,087.6","1,087.60",-1.00,-0.0009,"143,543","246,321",U19
23/9/2019,"1,090.0","1,090.0","1,077.6","1,078.7","1,079.20",-8.40,-0.0077,"106,210","234,645",U19
24/9/2019,"1,080.6","1,084.2","1,079.3","1,083.5","1,083.30",4.10,0.0038,"134,040","209,737",U19
25/9/2019,"1,079.0","1,081.3","1,075.5","1,079.6","1,079.60",-3.70,-0.0034,"118,423","181,389",U19
26/9/2019,"1,083.0","1,089.0","1,082.4","1,088.6","1,088.60",9.00,0.0083,"89,288","106,933",U19
27/9/2019,"1,086.2","1,096.3","1,085.4","1,096.2","1,096.94",8.34,0.0077,"24,026","77,615",U19
30/9/2019,"1,089.0","1,090.0","1,083.3","1,084.5","1,084.80",-3.10,-0.0028,"107,933","247,024",Z19
1/10/2019,"1,086.4","1,087.8","1,072.6","1,075.1","1,074.90",-9.90,-0.0091,"154,024","261,517",Z19
2/10/2019,"1,068.2","1,069.7","1,064.5","1,067.2","1,067.10",-7.80,-0.0073,"152,867","264,204",Z19
3/10/2019,"1,062.3","1,069.4","1,061.6","1,068.0","1,067.80",0.70,0.0007,"139,554","261,045",Z19
4/10/2019,"1,067.8","1,073.5","1,062.1","1,064.8","1,064.80",-3.00,-0.0028,"126,158","259,098",Z19
7/10/2019,"1,066.0","1,073.0","1,065.3","1,069.1","1,069.20",4.40,0.0041,"120,437","270,425",Z19
8/10/2019,"1,073.9","1,076.8","1,066.4","1,067.1","1,067.60",-1.60,-0.0015,"133,063","273,122",Z19
9/10/2019,"1,066.5","1,075.0","1,063.0","1,074.7","1,074.50",6.90,0.0065,"137,005","284,812",Z19
10/10/2019,"1,071.8","1,072.5","1,064.0","1,066.3","1,066.30",-8.20,-0.0076,"142,804","288,503",Z19
11/10/2019,"1,071.2","1,080.6","1,070.0","1,080.0","1,079.50",13.20,0.0124,"158,065","290,140",Z19
15/10/2019,"1,082.2","1,084.8","1,079.4","1,083.2","1,083.10",3.60,0.0033,"112,895","295,248",Z19
16/10/2019,"1,085.0","1,087.7","1,082.8","1,084.4","1,084.70",1.60,0.0015,"129,746","304,895",Z19
17/10/2019,"1,087.0","1,088.4","1,083.8","1,088.3","1,088.10",3.40,0.0031,"120,883","311,848",Z19
18/10/2019,"1,089.8","1,089.9","1,081.0","1,085.8","1,085.60",-2.50,-0.0023,"128,198","316,639",Z19
21/10/2019,"1,083.1","1,085.4","1,077.6","1,079.2","1,079.30",-6.30,-0.0058,"120,816","315,387",Z19
22/10/2019,"1,080.7","1,086.3","1,079.6","1,085.2","1,085.20",5.90,0.0055,"112,796","315,121",Z19
24/10/2019,"1,087.8","1,089.8","1,079.2","1,082.3","1,082.40",-2.80,-0.0026,"147,192","315,888",Z19
25/10/2019,"1,081.5","1,082.4","1,062.8","1,064.1","1,064.10",-18.30,-0.0169,"213,176","329,934",Z19
28/10/2019,"1,060.1","1,068.5","1,057.5","1,067.6","1,067.50",3.40,0.0032,"173,638","329,348",Z19
29/10/2019,"1,069.7","1,072.9","1,062.8","1,064.1","1,064.40",-3.10,-0.0029,"145,914","334,662",Z19
30/10/2019,"1,065.5","1,074.7","1,063.2","1,074.4","1,074.50",10.10,0.0095,"162,706","329,348",Z19
31/10/2019,"1,076.0","1,077.7","1,068.0","1,068.2","1,068.30",-6.20,-0.0058,"160,766","331,429",Z19
1/11/2019,"1,070.4","1,074.6","1,064.5","1,067.5","1,067.40",-0.90,-0.0008,"168,304","330,395",Z19
4/11/2019,"1,073.2","1,094.7","1,072.6","1,093.1","1,092.40",25.00,0.0234,"234,417","333,411",Z19
5/11/2019,"1,093.8","1,097.0","1,088.6","1,096.8","1,096.70",4.30,0.0039,"146,870","333,374",Z19
6/11/2019,"1,094.3","1,099.9","1,090.9","1,092.7","1,092.60",-4.10,-0.0037,"195,828","320,115",Z19
7/11/2019,"1,091.2","1,105.5","1,088.0","1,104.2","1,103.40",10.80,0.0099,"208,769","322,838",Z19
8/11/2019,"1,101.6","1,105.1","1,099.0","1,102.7","1,102.50",-0.90,-0.0008,"137,502","310,540",Z19
11/11/2019,"1,097.0","1,097.5","1,090.0","1,094.2","1,094.00",-8.50,-0.0077,"151,618","301,573",Z19
12/11/2019,"1,094.3","1,100.8","1,092.5","1,094.0","1,094.00",-,-,"141,739","295,725",Z19
13/11/2019,"1,089.5","1,093.4","1,084.7","1,089.0","1,088.80",-5.20,-0.0048,"165,193","291,879",Z19
14/11/2019,"1,087.2","1,092.3","1,084.0","1,085.3","1,085.50",-3.30,-0.00,"181,230","289,094",Z19
15/11/2019,"1,087.9","1,090.3","1,079.0","1,083.3","1,083.30",-2.20,-0.00,"176,416","281,308",Z19
18/11/2019,"1,085.5","1,088.0","1,080.5","1,086.8","1,086.70",3.40,0.0031,"136,922","291,223",Z19
19/11/2019,"1,086.9","1,087.3","1,079.5","1,085.2","1,085.30",-1.40,-0.0013,"168,114","296,594",Z19
20/11/2019,"1,077.1","1,079.4","1,074.5","1,074.8","1,075.20",-10.10,-0.0093,"159,613","293,419",Z19
21/11/2019,"1,071.3","1,074.4","1,067.3","1,073.9","1,073.80",-1.40,-0.0013,"148,045","295,236",Z19
22/11/2019,"1,074.5","1,078.6","1,073.0","1,076.1","1,076.40",2.60,0.0024,"123,165","288,350",Z19
25/11/2019,"1,081.0","1,089.3","1,080.5","1,086.0","1,086.00",9.60,0.0089,"154,317","279,460",Z19
26/11/2019,"1,089.3","1,091.5","1,084.6","1,084.8","1,085.00",-1.00,-0.0009,"196,604","295,489",Z19
27/11/2019,"1,087.5","1,088.9","1,083.5","1,087.5","1,087.20",2.20,0.00,"138,845","297,314",Z19
28/11/2019,"1,085.9","1,086.4","1,078.3","1,079.8","1,079.80",-7.40,-0.0068,"140,108","294,268",Z19
29/11/2019,"1,076.5","1,077.3","1,064.1","1,072.0","1,072.10",-7.70,-0.0071,"242,928","327,462",Z19
2/12/2019,"1,072.1","1,072.3","1,054.1","1,054.3","1,055.10",-17.00,-0.0159,"221,871","317,558",Z19
3/12/2019,"1,052.0","1,058.1","1,049.3","1,053.9","1,053.70",-1.40,-0.0013,"178,139","321,284",Z19
4/12/2019,"1,047.6","1,057.8","1,046.2","1,054.8","1,054.90",1.20,0.0011,"205,083","304,087",Z19
6/12/2019,"1,058.5","1,060.5","1,046.6","1,046.8","1,047.50",-7.40,-0.01,"169,016","303,221",Z19
9/12/2019,"1,050.0","1,050.7","1,040.5","1,046.8","1,046.90",-0.60,-0.0006,"162,867","294,677",Z19
11/12/2019,"1,045.4","1,052.3","1,044.6","1,048.6","1,048.70",1.80,0.0017,"160,778","299,117",Z19
12/12/2019,"1,053.3","1,063.5","1,052.5","1,059.3","1,059.10",10.40,0.0099,"174,157","290,186",Z19
13/12/2019,"1,070.0","1,071.4","1,066.6","1,069.5","1,069.20",10.10,0.0095,"143,467","285,171",Z19
16/12/2019,"1,067.3","1,068.0","1,046.4","1,046.8","1,046.90",-22.30,-0.0209,"210,868","307,037",Z19
17/12/2019,"1,044.5","1,053.1","1,044.0","1,051.6","1,051.90",5.00,0.0048,"200,015","292,163",Z19
18/12/2019,"1,055.0","1,063.6","1,054.6","1,061.4","1,061.40",9.50,0.01,"154,438","278,828",Z19
19/12/2019,"1,058.0","1,073.1","1,053.5","1,069.8","1,069.70",8.30,0.0078,"215,916","274,148",Z19
20/12/2019,"1,067.8","1,072.2","1,060.6","1,065.0","1,064.90",-4.80,-0.0045,"195,741","270,154",Z19
23/12/2019,"1,064.0","1,078.9","1,064.0","1,070.1","1,070.30",5.40,0.0051,"207,146","213,662",Z19
24/12/2019,"1,069.8","1,073.8","1,065.2","1,066.0","1,066.00",-4.30,-0.00,"126,900","167,815",Z19
25/12/2019,"1,064.2","1,070.8","1,062.3","1,069.6","1,069.70",3.70,0.0035,"41,724","107,372",Z19
26/12/2019,"1,070.0","1,073.5","1,068.1","1,072.9","1,073.10",3.40,0.0032,"57,946","63,595",Z19
27/12/2019,"1,076.6","1,078.0","1,063.0","1,063.4","1,063.71",-9.39,-0.0088,"45,580","48,056",Z19
2/1/2020,"1,065.2","1,079.3","1,065.0","1,076.7","1,076.60",9.70,0.0091,"168,099","253,260",H20
3/1/2020,"1,075.0","1,081.7","1,073.5","1,075.4","1,075.40",-1.20,-0.0011,"174,869","257,169",H20
6/1/2020,"1,070.0","1,071.4","1,057.6","1,058.2","1,059.20",-16.20,-0.0151,"235,446","271,187",H20
7/1/2020,"1,064.9","1,071.8","1,059.5","1,070.8","1,070.90",11.70,0.01,"211,875","265,441",H20
8/1/2020,"1,061.1","1,063.5","1,052.6","1,053.6","1,054.20",-16.70,-0.0156,"243,337","280,512",H20
9/1/2020,"1,064.9","1,070.7","1,060.9","1,068.2","1,068.00",13.80,0.0131,"199,422","283,440",H20
10/1/2020,"1,067.8","1,071.5","1,063.6","1,068.5","1,068.70",0.70,0.0007,"155,019","282,880",H20
13/1/2020,"1,071.0","1,074.5","1,068.2","1,072.0","1,071.80",3.10,0.0029,"142,138","297,896",H20
14/1/2020,"1,074.8","1,075.0","1,065.1","1,071.7","1,071.80",-,-,"162,436","302,060",H20
15/1/2020,"1,067.5","1,069.3","1,062.5","1,064.4","1,064.50",-7.30,-0.0068,"152,343","308,214",H20
16/1/2020,"1,065.6","1,075.0","1,064.0","1,072.6","1,072.80",8.30,0.0078,"158,172","305,427",H20
17/1/2020,"1,076.0","1,079.2","1,074.3","1,077.0","1,077.00",4.20,0.0039,"119,198","309,023",H20
20/1/2020,"1,076.8","1,076.8","1,068.1","1,069.7","1,069.90",-7.10,-0.0066,"149,417","309,554",H20
21/1/2020,"1,065.5","1,068.0","1,060.1","1,060.4","1,060.50",-9.40,-0.0088,"175,914","331,458",H20
22/1/2020,"1,062.1","1,064.5","1,057.1","1,060.7","1,060.50",-,-,"166,388","343,044",H20
23/1/2020,"1,056.1","1,060.3","1,054.0","1,058.3","1,058.50",-2.00,-0.0019,"121,237","338,445",H20
24/1/2020,"1,059.8","1,061.7","1,054.5","1,054.8","1,055.30",-3.20,-0.00,"110,928","336,979",H20
27/1/2020,"1,043.0","1,044.5","1,014.5","1,016.7","1,017.30",-38.00,-0.04,"281,482","338,910",H20
28/1/2020,"1,011.6","1,025.8","1,007.4","1,013.8","1,013.20",-4.10,-0.00,"265,040","328,354",H20
29/1/2020,"1,022.0","1,024.5","1,011.2","1,024.0","1,024.10",10.90,0.0108,"251,165","323,707",H20
30/1/2020,"1,018.0","1,021.8","1,013.6","1,018.8","1,018.90",-5.20,-0.0051,"188,445","335,807",H20
31/1/2020,"1,023.0","1,024.5","1,012.4","1,012.4","1,013.20",-5.70,-0.0056,"157,117","338,157",H20
3/2/2020,"1,010.5","1,013.4",999.9,"1,001.6","1,001.40",-11.80,-0.0116,"234,845","331,594",H20
4/2/2020,"1,006.0","1,020.4","1,002.7","1,017.9","1,017.90",16.50,0.0165,"221,968","330,115",H20
5/2/2020,"1,019.0","1,028.2","1,014.3","1,027.9","1,027.30",9.40,0.0092,"221,655","331,047",H20
6/2/2020,"1,030.0","1,031.4","1,023.1","1,023.3","1,024.00",-3.30,-0.0032,"178,183","326,839",H20
7/2/2020,"1,022.5","1,029.4","1,018.8","1,023.5","1,023.60",-0.40,-0.0004,"176,979","326,390",H20
11/2/2020,"1,027.8","1,029.8","1,016.3","1,017.7","1,017.70",-5.90,-0.0058,"156,824","337,835",H20
12/2/2020,"1,019.3","1,032.4","1,018.1","1,028.6","1,028.20",10.50,0.0103,"185,692","342,849",H20
13/2/2020,"1,026.2","1,029.5","1,021.6","1,024.0","1,023.90",-4.30,-0.0042,"148,066","344,721",H20
14/2/2020,"1,026.5","1,028.5","1,017.5","1,020.0","1,019.60",-4.30,-0.0042,"144,577","344,939",H20
17/2/2020,"1,020.8","1,022.5","1,016.3","1,020.3","1,020.20",0.60,0.0006,"101,778","341,823",H20
18/2/2020,"1,016.3","1,016.4","1,008.2","1,012.6","1,012.50",-7.70,-0.0075,"145,307","351,378",H20
19/2/2020,"1,015.1","1,017.0","1,008.0","1,010.7","1,010.80",-1.70,-0.0017,"156,053","350,449",H20
20/2/2020,"1,011.6","1,011.9",991.1,995.6,995.90,-14.90,-0.0147,"237,418","361,867",H20
21/2/2020,989.7,"1,001.2",987.0,"1,000.4","1,000.80",4.90,0.0049,"217,697","364,761",H20
24/2/2020,983.8,986.5,951.9,952.6,953.60,-47.20,-0.0472,"261,317","362,923",H20
25/2/2020,960.0,969.7,950.5,962.0,962.10,8.50,0.0089,"306,015","353,046",H20
26/2/2020,956.0,958.7,913.0,919.7,918.90,-43.20,-0.0449,"386,888","352,089",H20
27/2/2020,916.0,936.6,906.3,933.8,932.60,13.70,0.0149,"363,244","360,092",H20
28/2/2020,906.0,910.0,891.2,893.5,894.30,-38.30,-0.0411,"376,460","362,243",H20
2/3/2020,913.4,915.0,881.9,894.7,893.30,-1.00,-0.0011,"372,443","346,733",H20
3/3/2020,911.0,929.4,906.0,924.3,924.30,31.00,0.0347,"294,739","333,877",H20
4/3/2020,917.0,928.3,914.6,927.5,927.40,3.10,0.0034,"257,263","325,010",H20
5/3/2020,934.3,946.2,931.2,931.6,931.80,4.40,0.0047,"268,653","326,535",H20
6/3/2020,918.0,919.5,908.0,914.6,913.70,-18.10,-0.0194,"244,721","318,940",H20
9/3/2020,850.3,870.0,820.0,829.7,829.80,-83.90,-0.0918,"376,156","310,228",H20
10/3/2020,837.0,849.7,827.7,843.7,843.30,13.50,0.0163,"348,825","305,917",H20
11/3/2020,834.0,845.3,811.5,821.7,821.60,-21.70,-0.0257,"373,154","318,922",H20
12/3/2020,780.1,782.0,710.0,724.1,722.60,-99.00,-0.1205,"468,764","331,852",H20
13/3/2020,670.0,779.9,623.0,747.0,745.20,22.60,0.0313,"630,128","308,817",H20
16/3/2020,675.4,728.0,675.4,682.0,681.30,-63.90,-0.0857,"397,063","325,620",H20
17/3/2020,689.9,710.0,673.6,674.0,676.50,-4.80,-0.01,"407,706","320,011",H20
18/3/2020,688.1,714.0,671.0,692.9,692.60,16.10,0.0238,"386,356","301,732",H20
19/3/2020,674.5,696.0,661.1,688.0,688.50,-4.10,-0.0059,"296,199","275,283",H20
20/3/2020,716.0,762.0,708.0,760.5,757.40,68.90,0.1001,"305,880","247,282",H20
23/3/2020,689.0,710.0,670.1,671.0,672.00,-85.40,-0.1128,"254,320","263,319",H20
24/3/2020,715.1,719.0,677.8,698.3,696.10,24.10,0.0359,"269,421","240,328",H20
25/3/2020,723.4,744.2,701.8,723.6,723.90,27.80,0.0399,"296,762","205,875",H20
26/3/2020,717.0,743.5,715.3,737.9,737.70,13.80,0.0191,"221,101","171,435",H20
27/3/2020,755.0,761.5,728.6,738.6,739.40,1.70,0.0023,"137,274","97,972",H20
30/3/2020,730.1,733.7,717.0,731.3,731.35,-8.05,-0.0109,"67,923","57,820",H20
1/4/2020,736.0,749.5,728.0,730.9,731.10,-11.80,-0.0159,"219,356","262,421",M20
2/4/2020,735.5,764.5,730.4,758.0,757.80,26.70,0.0365,"230,326","261,833",M20
3/4/2020,767.0,770.5,748.8,763.2,761.70,3.90,0.0051,"207,737","263,478",M20
7/4/2020,809.0,824.9,784.2,822.9,822.20,60.50,0.0794,"290,765","235,075",M20
8/4/2020,811.2,813.9,797.6,813.0,812.50,-9.70,-0.0118,"233,669","224,913",M20
9/4/2020,817.0,839.5,805.0,813.8,813.90,1.40,0.0017,"254,799","209,773",M20
10/4/2020,809.0,827.8,802.3,827.0,826.30,12.40,0.0152,"156,191","204,571",M20
13/4/2020,822.0,830.3,815.8,827.7,827.20,0.90,0.0011,"139,613","210,271",M20
14/4/2020,837.0,850.6,830.6,841.3,841.10,13.90,0.0168,"186,333","213,138",M20
15/4/2020,833.0,843.0,821.5,823.6,824.00,-17.10,-0.0203,"199,248","222,965",M20
16/4/2020,821.0,823.0,796.5,796.5,797.70,-26.30,-0.0319,"198,729","218,942",M20
17/4/2020,820.0,835.2,811.9,834.9,834.60,36.90,0.0463,"206,063","220,171",M20
20/4/2020,834.5,859.2,826.1,850.5,850.90,16.30,0.0195,"209,250","226,545",M20
21/4/2020,832.2,846.0,831.6,835.0,835.50,-15.40,-0.0181,"179,115","238,044",M20
22/4/2020,825.5,847.9,821.1,841.0,841.40,5.90,0.0071,"200,046","228,577",M20
23/4/2020,841.0,853.0,838.1,850.8,850.60,9.20,0.0109,"155,205","232,334",M20
24/4/2020,847.5,853.7,832.5,840.8,840.50,-10.10,-0.0119,"177,033","239,139",M20
27/4/2020,850.0,850.0,839.3,846.0,845.50,5.00,0.0059,"120,203","235,645",M20
28/4/2020,842.0,858.8,841.0,854.9,854.40,8.90,0.0105,"166,402","233,930",M20
29/4/2020,856.4,859.9,851.6,857.3,857.70,3.30,0.0039,"115,505","237,717",M20
30/4/2020,869.7,873.4,862.2,873.2,872.50,14.80,0.0173,"116,023","240,091",M20
5/5/2020,860.0,860.7,851.7,853.0,853.30,-19.20,-0.02,"118,531","244,374",M20
7/5/2020,848.9,851.9,834.2,841.6,841.90,-11.40,-0.0134,"147,468","241,066",M20
8/5/2020,844.6,847.0,837.5,845.3,845.30,3.40,0.00,"107,920","246,199",M20
11/5/2020,852.0,865.8,851.5,860.2,859.40,14.10,0.0167,"137,010","244,756",M20
12/5/2020,855.0,871.4,854.7,868.2,867.60,8.20,0.0095,"119,251","251,271",M20
13/5/2020,863.6,869.8,861.0,863.6,864.00,-3.60,-0.0041,"119,610","255,120",M20
14/5/2020,854.0,857.6,847.2,855.0,855.10,-8.90,-0.0103,"134,690","256,832",M20
15/5/2020,857.0,858.7,845.0,845.2,846.10,-9.00,-0.0105,"118,713","256,937",M20
18/5/2020,853.5,865.5,853.5,858.9,858.50,12.40,0.0147,"126,320","239,330",M20
19/5/2020,876.0,881.0,872.0,875.5,875.20,16.70,0.0195,"139,039","229,141",M20
20/5/2020,874.8,883.5,870.1,883.3,882.80,7.60,0.0087,"100,304","236,209",M20
21/5/2020,880.1,886.8,875.3,878.4,878.60,-4.20,-0.0048,"105,767","234,665",M20
22/5/2020,871.1,872.8,852.8,860.0,861.50,-17.10,-0.0195,"169,474","239,216",M20
25/5/2020,865.0,878.8,863.2,877.6,876.20,14.70,0.0171,"106,369","235,472",M20
26/5/2020,884.4,894.9,884.1,886.9,886.80,10.60,0.0121,"120,561","234,176",M20
27/5/2020,886.0,895.1,878.5,894.9,894.80,8.00,0.01,"137,395","240,507",M20
28/5/2020,902.9,903.5,881.5,881.6,882.40,-12.40,-0.0139,"165,715","240,511",M20
29/5/2020,882.0,893.1,877.0,892.4,892.40,10.00,0.0113,"147,874","240,130",M20
1/6/2020,902.0,908.9,895.2,899.7,900.50,8.10,0.0091,"137,887","234,971",M20
2/6/2020,904.0,919.5,903.0,919.0,918.50,18.00,0.02,"114,809","232,281",M20
4/6/2020,932.0,948.8,931.3,947.7,945.80,27.30,0.0297,"167,614","218,545",M20
5/6/2020,948.0,968.4,940.0,962.6,962.20,16.40,0.0173,"161,007","208,330",M20
8/6/2020,970.0,977.9,957.1,963.7,964.10,1.90,0.00,"159,440","206,753",M20
9/6/2020,964.5,969.7,935.7,938.0,939.30,-24.80,-0.0257,"202,413","201,676",M20
10/6/2020,946.0,954.5,938.0,950.7,950.60,11.30,0.01,"173,968","200,259",M20
11/6/2020,943.0,948.8,922.2,931.1,931.10,-19.50,-0.0205,"186,938","188,002",M20
12/6/2020,913.2,920.6,903.0,916.6,917.10,-14.00,-0.02,"176,183","192,650",M20
15/6/2020,908.0,912.4,884.3,891.6,891.70,-25.40,-0.0277,"184,052","195,900",M20
16/6/2020,918.0,919.4,903.8,912.4,912.20,20.50,0.02,"154,722","190,868",M20
17/6/2020,906.0,916.5,901.0,909.1,908.60,-3.60,-0.0039,"174,607","203,349",M20
18/6/2020,895.0,913.8,893.0,909.2,909.40,0.80,0.0009,"144,926","202,374",M20
19/6/2020,910.5,913.1,903.2,910.2,910.00,0.60,0.0007,"117,855","198,163",M20
22/6/2020,902.0,903.6,890.2,897.0,896.80,-13.20,-0.0145,"130,194","196,844",M20
23/6/2020,896.6,900.8,893.2,896.6,896.80,-,-,"100,486","186,305",M20
24/6/2020,899.0,902.7,877.1,877.1,878.90,-17.90,-0.02,"169,755","190,212",M20
25/6/2020,871.0,875.9,855.5,871.5,871.60,-7.30,-0.0083,"181,584","135,561",M20
26/6/2020,875.0,885.2,873.0,878.5,878.40,6.80,0.0078,"131,527","62,289",M20
29/6/2020,874.0,876.5,862.6,875.1,875.35,-3.05,-0.0035,"50,159","30,327",M20
1/7/2020,880.0,887.3,870.3,884.5,884.50,7.90,0.01,"151,001","244,434",U20
2/7/2020,893.0,909.5,890.0,909.2,908.50,24.00,0.0271,"163,134","224,005",U20
3/7/2020,906.0,911.0,902.0,902.8,903.10,-5.40,-0.0059,"109,117","215,149",U20
7/7/2020,915.0,917.0,899.6,900.0,900.10,-3.00,-0.0033,"128,600","218,141",U20
8/7/2020,900.0,906.9,890.0,892.6,892.50,-7.60,-0.0084,"172,974","214,442",U20
9/7/2020,894.0,900.0,886.9,898.1,897.20,4.70,0.0053,"136,617","214,063",U20
10/7/2020,888.8,889.8,874.3,880.5,880.80,-16.40,-0.0183,"163,515","232,373",U20
13/7/2020,889.0,889.8,870.3,874.5,874.60,-6.20,-0.01,"157,446","236,808",U20
14/7/2020,866.5,876.3,861.7,871.9,872.20,-2.40,-0.0027,"166,447","240,450",U20
15/7/2020,880.0,886.7,876.0,885.3,884.70,12.50,0.0143,"133,737","243,998",U20
16/7/2020,879.9,884.4,873.2,879.5,879.50,-5.20,-0.0059,"134,865","242,299",U20
17/7/2020,883.0,889.8,878.5,889.5,888.40,8.90,0.0101,"127,106","247,037",U20
20/7/2020,884.7,894.5,881.6,885.0,885.60,-2.80,-0.0032,"141,709","244,240",U20
21/7/2020,891.3,903.2,891.2,902.6,902.40,16.80,0.02,"139,183","246,841",U20
22/7/2020,902.9,904.7,882.5,883.0,883.80,-18.60,-0.0206,"183,555","250,317",U20
23/7/2020,885.6,889.4,878.0,884.9,884.80,1.00,0.0011,"159,542","245,425",U20
24/7/2020,874.6,876.4,865.4,872.6,872.40,-12.40,-0.01,"148,082","253,620",U20
29/7/2020,871.1,876.2,866.0,869.4,869.30,-3.10,-0.0036,"139,684","262,605",U20
30/7/2020,870.5,873.7,845.6,845.8,847.50,-21.80,-0.0251,"179,756","276,297",U20
31/7/2020,848.0,856.4,839.9,853.6,853.70,6.20,0.0073,"175,027","274,892",U20
3/8/2020,852.6,854.6,841.0,847.7,847.90,-5.80,-0.0068,"180,630","286,192",U20
4/8/2020,853.0,859.9,850.7,855.0,855.20,7.30,0.0086,"140,865","277,389",U20
5/8/2020,855.5,865.0,849.5,860.3,859.40,4.20,0.0049,"195,555","260,716",U20
6/8/2020,856.4,865.5,855.0,856.6,856.80,-2.60,-0.00,"138,953","266,349",U20
7/8/2020,855.0,857.3,846.6,851.4,851.20,-5.60,-0.0065,"159,775","273,997",U20
10/8/2020,852.5,853.5,847.1,849.6,849.60,-1.60,-0.0019,"98,289","273,558",U20
11/8/2020,859.1,864.7,856.4,861.6,860.90,11.30,0.0133,"140,749","280,238",U20
13/8/2020,868.5,875.5,867.3,874.0,873.90,13.00,0.0151,"128,285","285,055",U20
14/8/2020,874.0,874.7,854.0,855.8,856.80,-17.10,-0.0196,"188,126","295,113",U20
17/8/2020,861.9,862.5,851.3,854.4,855.10,-1.70,-0.00,"147,103","289,176",U20
18/8/2020,852.5,866.1,851.9,865.9,865.80,10.70,0.0125,"150,329","298,579",U20
19/8/2020,866.0,867.0,841.4,845.5,845.80,-20.00,-0.0231,"205,806","301,755",U20
20/8/2020,835.6,840.8,831.6,836.0,836.00,-9.80,-0.0116,"191,281","306,140",U20
21/8/2020,838.8,842.9,833.6,836.6,836.90,0.90,0.0011,"143,603","303,391",U20
24/8/2020,842.9,851.0,836.2,850.4,849.30,12.40,0.0148,"165,940","310,961",U20
25/8/2020,853.5,858.9,849.0,850.3,850.50,1.20,0.0014,"133,952","318,245",U20
26/8/2020,850.0,855.3,845.1,854.4,854.00,3.50,0.0041,"173,588","329,341",U20
27/8/2020,852.4,858.0,849.7,856.0,855.80,1.80,0.0021,"140,028","336,076",U20
28/8/2020,862.0,864.5,848.0,850.1,850.70,-5.10,-0.01,"186,420","345,491",U20
31/8/2020,855.3,858.7,841.0,841.1,841.90,-8.80,-0.0103,"183,000","353,456",U20
1/9/2020,841.7,846.5,835.0,839.7,839.90,-2.00,-0.0024,"197,416","350,831",U20
2/9/2020,839.7,846.7,833.6,846.3,845.70,5.80,0.0069,"167,453","342,939",U20
3/9/2020,850.9,851.3,838.4,844.0,843.70,-2.00,-0.0024,"182,523","346,459",U20
8/9/2020,836.7,838.3,829.4,830.6,831.20,-12.50,-0.0148,"172,963","342,183",U20
9/9/2020,821.0,831.9,818.1,831.5,831.50,0.30,0.0004,"174,634","345,837",U20
10/9/2020,830.0,833.4,824.3,829.0,828.80,-2.70,-0.0032,"146,296","347,169",U20
11/9/2020,828.0,832.9,821.6,823.0,823.20,-5.60,-0.0068,"161,832","346,553",U20
14/9/2020,828.0,829.0,817.0,818.0,818.30,-4.90,-0.01,"158,942","346,507",U20
15/9/2020,818.5,827.7,818.1,827.0,826.70,8.40,0.0103,"173,174","348,423",U20
16/9/2020,827.0,831.7,823.5,830.6,830.30,3.60,0.0044,"126,856","343,625",U20
17/9/2020,825.0,827.8,820.6,826.2,826.00,-4.30,-0.0052,"145,060","345,201",U20
18/9/2020,827.6,829.1,820.7,829.0,828.70,2.70,0.0033,"155,461","333,782",U20
21/9/2020,828.0,829.9,814.5,815.5,815.90,-12.80,-0.0154,"166,425","331,138",U20
22/9/2020,811.4,813.8,804.5,809.0,809.20,-6.70,-0.0082,"176,362","316,039",U20
23/9/2020,807.5,809.1,800.6,801.7,801.50,-7.70,-0.0095,"141,124","310,199",U20
24/9/2020,793.2,794.8,781.7,784.6,785.30,-16.20,-0.0202,"201,969","307,800",U20
25/9/2020,787.9,791.2,782.2,784.1,784.00,-1.30,-0.0017,"232,179","266,103",U20
28/9/2020,790.5,800.8,789.2,799.7,798.80,14.80,0.0189,"196,131","95,151",U20
29/9/2020,801.5,803.0,794.1,794.8,794.76,-4.04,-0.0051,"39,907","33,257",U20
30/9/2020,796.9,797.0,777.7,778.4,778.60,-15.30,-0.0193,"205,170","388,233",Z20
1/10/2020,783.3,787.2,775.0,785.8,785.60,7.00,0.01,"180,892","390,078",Z20
2/10/2020,781.9,782.0,770.3,776.1,775.90,-9.70,-0.0123,"215,726","389,305",Z20
5/10/2020,781.7,782.0,775.5,780.5,780.10,4.20,0.0054,"129,824","393,194",Z20
6/10/2020,784.2,786.8,781.5,784.0,784.50,4.40,0.0056,"153,471","405,570",Z20
7/10/2020,780.8,795.7,778.5,794.0,793.70,9.20,0.0117,"189,216","410,703",Z20
8/10/2020,796.9,808.9,795.8,804.8,804.60,10.90,0.0137,"184,215","399,373",Z20
9/10/2020,805.4,806.0,793.7,799.0,799.10,-5.50,-0.0068,"163,425","406,477",Z20
12/10/2020,800.0,804.9,795.6,803.6,803.70,4.60,0.0058,"158,260","400,769",Z20
14/10/2020,802.0,802.2,787.7,794.0,793.80,-9.90,-0.0123,"182,276","401,742",Z20
15/10/2020,784.7,787.0,779.7,780.8,780.90,-12.90,-0.0163,"168,269","395,066",Z20
16/10/2020,783.1,784.2,771.1,776.2,776.10,-4.80,-0.0061,"197,636","401,492",Z20
19/10/2020,770.3,771.7,757.5,759.2,759.30,-16.80,-0.0216,"215,008","404,798",Z20
20/10/2020,760.2,764.8,753.8,757.4,757.80,-1.50,-0.00,"219,934","412,153",Z20
21/10/2020,760.9,764.3,758.2,762.2,762.80,5.00,0.0066,"179,073","405,581",Z20
22/10/2020,759.1,770.0,755.5,762.7,762.70,-0.10,-0.0001,"245,741","402,635",Z20
26/10/2020,757.1,761.3,753.0,754.8,755.60,-7.10,-0.0093,"172,179","400,355",Z20
27/10/2020,750.1,757.7,746.2,755.1,755.30,-0.30,-0.0004,"214,928","411,916",Z20
28/10/2020,751.5,760.4,751.2,752.5,752.80,-2.50,-0.0033,"191,954","418,152",Z20
29/10/2020,748.4,751.7,745.3,749.8,749.80,-3.00,-0.00,"203,636","413,024",Z20
30/10/2020,747.5,749.3,734.6,744.0,744.10,-5.70,-0.0076,"233,163","423,067",Z20
2/11/2020,744.5,748.9,740.1,748.2,748.10,4.00,0.0054,"171,904","422,309",Z20
3/11/2020,754.0,765.1,753.2,765.0,764.60,16.50,0.0221,"189,606","408,988",Z20
4/11/2020,760.1,769.0,756.1,762.3,762.40,-2.20,-0.0029,"269,379","406,278",Z20
5/11/2020,769.0,801.0,767.1,800.7,800.20,37.80,0.0496,"368,421","411,745",Z20
6/11/2020,800.0,805.0,787.1,795.2,795.20,-5.00,-0.0062,"288,734","405,625",Z20
9/11/2020,810.1,828.0,808.5,820.0,819.60,24.40,0.0307,"328,206","399,415",Z20
10/11/2020,839.0,880.4,838.5,878.2,877.30,57.70,0.0704,"436,471","360,485",Z20
11/11/2020,896.0,903.4,865.8,878.2,877.80,0.50,0.0006,"378,107","351,645",Z20
12/11/2020,870.5,874.7,859.4,866.5,866.10,-11.70,-0.0133,"266,860","359,262",Z20
13/11/2020,859.0,881.9,856.5,877.4,877.50,11.40,0.0132,"310,933","358,243",Z20
16/11/2020,890.0,893.7,876.0,878.9,879.20,1.70,0.0019,"206,659","359,769",Z20
17/11/2020,879.0,888.0,870.6,876.4,876.70,-2.50,-0.0028,"257,957","343,850",Z20
18/11/2020,872.1,900.0,869.2,896.2,893.60,16.90,0.0193,"272,997","348,085",Z20
19/11/2020,887.0,894.8,885.0,889.6,889.80,-3.80,-0.0043,"240,459","351,613",Z20
20/11/2020,887.0,907.2,884.3,903.6,903.90,14.10,0.0158,"221,768","347,941",Z20
23/11/2020,905.4,930.7,904.1,928.0,928.20,24.30,0.0269,"252,961","307,831",Z20
24/11/2020,932.0,938.3,911.6,913.4,913.30,-14.90,-0.0161,"293,474","307,589",Z20
25/11/2020,929.0,935.7,903.2,927.1,927.30,14.00,0.0153,"385,649","320,855",Z20
26/11/2020,927.1,935.7,921.2,935.3,935.00,7.70,0.0083,"218,045","313,712",Z20
27/11/2020,931.6,937.8,927.7,930.6,930.90,-4.10,-0.0044,"203,463","310,870",Z20
30/11/2020,924.6,927.5,907.6,910.0,909.20,-21.70,-0.0233,"247,214","309,641",Z20
1/12/2020,916.0,926.0,915.1,919.1,918.80,9.60,0.0106,"227,471","305,184",Z20
2/12/2020,916.0,925.0,912.3,917.6,918.20,-0.60,-0.0007,"248,755","297,018",Z20
3/12/2020,922.5,934.4,919.0,928.2,927.90,9.70,0.0106,"202,601","292,716",Z20
4/12/2020,926.9,944.8,926.5,941.2,940.60,12.70,0.0137,"210,176","283,892",Z20
8/12/2020,940.0,959.3,929.9,954.1,953.90,13.30,0.0141,"251,695","283,000",Z20
9/12/2020,959.0,967.0,953.1,959.2,959.60,5.70,0.01,"231,066","274,622",Z20
14/12/2020,964.5,964.5,944.5,947.8,947.50,-12.10,-0.0126,"216,651","282,174",Z20
15/12/2020,939.2,949.5,935.0,947.5,947.60,0.10,0.0001,"191,112","267,976",Z20
16/12/2020,952.0,955.8,942.8,951.0,950.60,3.00,0.0032,"167,354","261,852",Z20
17/12/2020,949.1,960.5,946.0,946.3,947.60,-3.00,-0.0032,"172,955","259,834",Z20
18/12/2020,943.5,953.2,940.5,946.5,945.80,-1.80,-0.0019,"192,575","262,522",Z20
21/12/2020,912.0,925.7,878.3,878.3,880.20,-65.60,-0.0694,"290,959","244,343",Z20
22/12/2020,895.0,910.5,880.6,907.4,907.40,27.20,0.0309,"279,059","227,432",Z20
23/12/2020,904.6,915.4,889.0,889.3,889.70,-17.70,-0.0195,"258,498","233,371",Z20
24/12/2020,896.2,914.3,890.2,909.5,909.30,19.60,0.02,"219,349","192,537",Z20
25/12/2020,910.0,922.7,909.0,922.7,922.00,12.70,0.01,"97,121","140,114",Z20
28/12/2020,922.1,927.9,905.0,908.3,908.10,-13.90,-0.0151,"149,648","96,451",Z20
29/12/2020,913.0,923.8,905.7,922.7,922.59,14.49,0.02,"46,709","33,935",Z20
4/1/2021,888.9,923.1,886.2,923.0,922.50,17.00,0.0188,"264,422","283,378",H21
5/1/2021,917.9,952.5,913.5,949.5,949.40,26.90,0.0292,"314,619","283,183",H21
6/1/2021,950.5,953.4,930.7,938.0,938.50,-10.90,-0.0115,"285,807","275,966",H21
7/1/2021,947.5,956.9,941.3,949.7,949.80,11.30,0.01,"234,909","279,951",H21
8/1/2021,958.4,974.5,957.3,969.4,970.90,21.10,0.0222,"232,273","279,802",H21
11/1/2021,970.0,979.0,963.1,968.1,968.20,-2.70,-0.0028,"215,074","283,689",H21
12/1/2021,970.0,974.1,962.1,971.2,971.50,3.30,0.0034,"175,690","290,210",H21
13/1/2021,975.0,988.0,971.6,977.0,976.80,5.30,0.0055,"207,239","286,924",H21
14/1/2021,977.0,980.7,964.1,968.4,968.70,-8.10,-0.0083,"200,261","291,302",H21
15/1/2021,968.9,972.4,948.5,953.5,954.10,-14.60,-0.0151,"245,275","297,361",H21
18/1/2021,950.0,951.0,939.0,946.4,946.10,-8.00,-0.0084,"166,335","301,871",H21
19/1/2021,954.5,962.4,949.5,949.9,950.60,4.50,0.0048,"182,667","292,584",H21
20/1/2021,953.8,957.3,945.2,945.9,946.10,-4.50,-0.0047,"186,989","296,800",H21
21/1/2021,951.0,959.7,942.0,950.0,949.20,3.10,0.0033,"193,716","300,095",H21
22/1/2021,947.0,947.0,930.3,930.3,931.80,-17.40,-0.0183,"204,692","306,085",H21
25/1/2021,937.0,938.2,925.5,936.0,935.40,3.60,0.0039,"177,227","314,101",H21
26/1/2021,928.9,949.7,926.2,948.0,946.70,11.30,0.0121,"206,003","309,814",H21
27/1/2021,946.0,946.0,929.5,931.8,932.10,-14.60,-0.0154,"192,206","314,321",H21
28/1/2021,921.5,924.5,910.1,912.0,912.10,-20.00,-0.0215,"224,718","312,490",H21
29/1/2021,916.0,918.0,905.0,909.0,909.40,-2.70,-0.00,"223,507","318,519",H21
1/2/2021,909.0,923.3,903.5,917.8,917.50,8.10,0.0089,"191,903","313,344",H21
2/2/2021,924.1,930.3,918.6,926.9,926.50,9.00,0.0098,"184,441","308,997",H21
3/2/2021,932.3,934.2,918.0,921.3,920.50,-6.00,-0.0065,"198,835","314,529",H21
4/2/2021,921.0,925.3,911.8,913.9,914.70,-5.80,-0.0063,"196,522","314,954",H21
5/2/2021,921.5,931.4,918.6,931.3,930.30,15.60,0.0171,"171,211","309,927",H21
8/2/2021,937.0,943.4,935.5,942.4,942.20,11.90,0.0128,"128,356","308,504",H21
9/2/2021,946.9,951.5,943.2,944.8,945.00,2.80,0.00,"146,576","298,795",H21
10/2/2021,949.0,950.3,942.5,950.0,949.50,4.50,0.0048,"133,907","300,193",H21
11/2/2021,952.8,953.0,933.3,934.8,937.60,-11.90,-0.0125,"182,393","304,999",H21
15/2/2021,939.5,948.0,936.6,944.6,944.00,6.40,0.0068,"129,751","296,315",H21
16/2/2021,947.0,948.9,941.4,943.6,944.70,0.70,0.0007,"122,274","298,514",H21
17/2/2021,941.0,944.0,933.9,934.5,934.20,-10.50,-0.0111,"166,288","304,809",H21
18/2/2021,934.0,938.3,929.2,933.3,933.20,-1.00,-0.0011,"149,288","308,455",H21
19/2/2021,928.0,928.9,920.5,928.8,928.30,-4.90,-0.0053,"145,375","312,449",H21
22/2/2021,927.0,929.0,908.6,912.9,913.10,-15.20,-0.0164,"160,714","320,821",H21
23/2/2021,917.0,933.3,915.5,926.6,926.40,13.30,0.0146,"202,674","312,951",H21
24/2/2021,929.5,932.3,916.5,924.5,924.60,-1.80,-0.0019,"177,059","300,653",H21
25/2/2021,936.0,936.7,922.0,927.6,927.70,3.10,0.0034,"189,552","303,965",H21
1/3/2021,918.9,932.6,917.2,930.0,929.70,2.00,0.0022,"171,569","307,953",H21
2/3/2021,928.5,931.7,925.4,928.9,929.00,-0.70,-0.0008,"145,445","295,109",H21
3/3/2021,931.0,963.4,931.0,963.0,962.40,33.40,0.04,"220,537","311,130",H21
4/3/2021,955.0,958.3,946.7,953.7,953.30,-9.10,-0.0095,"180,556","296,224",H21
5/3/2021,946.0,966.7,940.3,958.0,957.00,3.70,0.0039,"255,009","291,449",H21
8/3/2021,964.0,969.5,952.0,954.0,954.50,-2.50,-0.0026,"170,254","282,839",H21
9/3/2021,958.5,960.5,949.2,959.5,959.20,4.70,0.0049,"159,401","277,926",H21
10/3/2021,957.0,975.6,955.3,970.7,970.90,11.70,0.0122,"170,374","279,124",H21
11/3/2021,976.4,984.9,973.0,977.3,977.10,6.20,0.0064,"138,963","277,344",H21
12/3/2021,977.1,983.5,966.9,973.9,973.80,-3.30,-0.0034,"167,381","281,643",H21
15/3/2021,977.9,978.5,963.3,969.0,968.90,-4.90,-0.01,"151,630","263,436",H21
16/3/2021,967.5,973.0,960.5,963.0,963.50,-5.40,-0.0056,"149,642","265,544",H21
17/3/2021,960.7,971.0,958.5,965.6,965.50,2.00,0.0021,"152,961","249,983",H21
18/3/2021,975.0,978.3,963.0,966.0,966.60,1.10,0.0011,"170,319","245,313",H21
19/3/2021,957.1,961.2,953.0,958.0,958.10,-8.50,-0.0088,"153,126","239,026",H21
22/3/2021,953.1,963.0,950.5,956.8,957.10,-1.00,-0.00,"128,971","236,734",H21
23/3/2021,958.6,962.7,954.0,958.4,958.40,1.30,0.0014,"115,863","233,129",H21
24/3/2021,953.0,961.8,949.8,961.5,960.80,2.40,0.0025,"124,609","229,560",H21
25/3/2021,961.1,968.0,958.4,958.4,959.00,-1.80,-0.0019,"168,934","224,417",H21
26/3/2021,960.5,970.0,957.5,962.2,962.70,3.70,0.0039,"183,409","183,490",H21
29/3/2021,966.3,973.3,965.3,969.5,969.20,6.50,0.0068,"106,773","88,198",H21
30/3/2021,973.0,975.3,968.3,973.6,973.64,4.44,0.0046,"39,361","48,955",H21
31/3/2021,967.5,969.8,964.5,964.7,965.10,-2.90,-0.00,"105,194","261,833",M21
1/4/2021,967.0,973.5,965.6,969.0,969.00,3.90,0.00,"117,927","264,589",M21
2/4/2021,972.0,974.8,969.0,971.4,971.70,2.70,0.0028,"75,892","264,826",M21
5/4/2021,972.5,972.9,956.7,962.0,961.80,-9.90,-0.0102,"150,221","263,101",M21
7/4/2021,954.8,957.9,944.8,944.9,945.50,-16.30,-0.0169,"172,067","274,906",M21
8/4/2021,945.0,949.0,942.5,945.4,945.00,-0.50,-0.0005,"123,338","278,164",M21
9/4/2021,942.0,956.1,942.0,950.4,950.60,5.60,0.0059,"155,918","285,627",M21
12/4/2021,947.0,948.4,934.6,938.9,939.30,-11.30,-0.0119,"162,627","279,256",M21
16/4/2021,937.0,944.1,934.5,942.5,942.80,3.50,0.0037,"157,506","292,076",M21
19/4/2021,945.5,957.4,943.6,954.9,954.90,12.10,0.0128,"161,105","298,244",M21
20/4/2021,953.9,959.8,952.1,959.1,959.00,4.10,0.0043,"130,893","293,084",M21
21/4/2021,955.0,959.4,953.7,956.1,956.90,-2.10,-0.0022,"122,749","296,100",M21
22/4/2021,959.5,960.8,945.1,949.0,949.10,-7.80,-0.0082,"168,668","294,640",M21
23/4/2021,944.2,944.7,936.4,937.3,937.90,-11.20,-0.0118,"142,469","303,527",M21
26/4/2021,935.5,943.0,933.2,940.0,940.00,2.10,0.0022,"132,829","305,345",M21
27/4/2021,941.0,945.5,936.1,939.1,938.80,-1.20,-0.0013,"143,121","303,442",M21
28/4/2021,942.0,952.6,941.4,949.6,949.00,10.20,0.0109,"158,082","302,202",M21
29/4/2021,954.7,965.0,953.7,963.2,962.50,13.50,0.0142,"160,771","308,741",M21
30/4/2021,960.5,962.3,953.2,955.7,955.50,-7.00,-0.0073,"139,561","302,000",M21
5/5/2021,952.0,952.9,918.3,918.3,919.20,-36.30,-0.04,"363,156","364,212",M21
6/5/2021,922.5,945.3,921.3,940.0,939.80,20.60,0.0224,"268,463","327,671",M21
7/5/2021,944.9,956.7,944.6,954.7,954.50,14.70,0.0156,"208,606","312,620",M21
10/5/2021,961.4,965.0,947.0,958.0,957.70,3.20,0.0034,"187,171","301,359",M21
11/5/2021,947.3,957.0,945.2,956.9,956.20,-1.50,-0.0016,"199,193","299,155",M21
12/5/2021,954.0,954.7,940.0,949.1,949.50,-6.70,-0.01,"240,141","297,099",M21
13/5/2021,939.0,939.9,906.3,930.5,930.50,-19.00,-0.02,"332,972","315,455",M21
14/5/2021,941.5,942.0,923.7,935.0,935.20,4.70,0.0051,"253,525","314,282",M21
17/5/2021,929.5,939.9,925.0,934.8,935.00,-0.20,-0.0002,"198,434","306,013",M21
18/5/2021,941.1,949.8,940.7,947.3,947.20,12.20,0.01,"150,002","300,559",M21
19/5/2021,942.5,945.4,938.4,941.1,941.10,-6.10,-0.0064,"145,488","294,080",M21
20/5/2021,941.0,944.9,934.7,935.9,935.90,-5.20,-0.0055,"171,488","292,847",M21
21/5/2021,938.8,940.8,932.0,937.8,937.90,2.00,0.0021,"151,621","286,726",M21
24/5/2021,936.0,938.8,933.2,934.5,934.40,-3.50,-0.0037,"111,032","292,689",M21
25/5/2021,941.5,948.0,939.7,945.0,944.70,10.30,0.01,"160,442","295,737",M21
27/5/2021,943.1,960.0,943.1,952.8,952.80,8.10,0.0086,"204,772","307,477",M21
28/5/2021,959.2,964.5,954.7,957.3,957.10,4.30,0.0045,"154,730","301,745",M21
31/5/2021,958.0,961.5,951.6,961.4,961.30,4.20,0.0044,"135,320","305,052",M21
1/6/2021,963.0,983.8,962.8,981.7,981.10,19.80,0.0206,"196,724","314,719",M21
2/6/2021,984.5,984.9,974.1,978.3,978.40,-2.70,-0.0028,"164,771","313,828",M21
4/6/2021,974.2,977.5,969.2,970.5,969.90,-8.50,-0.0087,"149,125","309,466",M21
7/6/2021,971.0,980.2,969.6,970.5,970.70,0.80,0.0008,"151,599","302,368",M21
8/6/2021,970.3,973.5,965.7,969.4,969.60,-1.10,-0.0011,"144,424","308,476",M21
9/6/2021,972.0,982.0,971.2,978.4,978.20,8.60,0.0089,"144,231","300,600",M21
10/6/2021,983.5,986.3,976.7,982.0,980.90,2.70,0.0028,"131,300","298,139",M21
11/6/2021,984.0,990.6,981.1,990.4,989.90,9.00,0.0092,"130,624","300,287",M21
14/6/2021,994.3,995.2,984.1,987.4,987.60,-2.30,-0.0023,"117,233","300,744",M21
15/6/2021,986.8,986.9,976.6,979.3,979.50,-8.10,-0.0082,"139,806","302,500",M21
16/6/2021,979.4,982.4,975.0,978.1,978.30,-1.20,-0.0012,"115,417","306,560",M21
17/6/2021,974.1,979.8,970.5,971.9,972.00,-6.30,-0.0064,"137,031","302,626",M21
18/6/2021,973.9,974.0,964.2,970.2,970.70,-1.30,-0.0013,"152,558","298,752",M21
21/6/2021,958.0,964.3,952.9,960.1,960.30,-10.40,-0.0107,"151,660","292,633",M21
22/6/2021,965.0,968.2,960.1,960.4,960.70,0.40,0.0004,"110,291","287,158",M21
23/6/2021,965.0,967.7,957.5,958.1,958.40,-2.30,-0.0024,"146,931","277,605",M21
24/6/2021,957.0,957.0,947.3,955.0,955.40,-3.00,-0.0031,"198,083","284,193",M21
25/6/2021,957.0,960.6,950.7,954.5,954.40,-1.00,-0.00,"198,643","234,043",M21
28/6/2021,948.0,953.0,945.3,951.0,951.00,-3.40,-0.0036,"137,655","125,529",M21
29/6/2021,952.0,965.0,949.0,955.3,955.21,4.21,0.0044,"47,111","51,204",M21
30/6/2021,952.2,956.0,945.0,947.1,947.50,-5.40,-0.0057,"150,981","315,448",U21
1/7/2021,948.0,955.0,945.2,951.6,951.10,3.60,0.0038,"141,586","315,117",U21
2/7/2021,951.2,951.6,940.3,943.3,943.50,-7.60,-0.01,"174,160","326,168",U21
5/7/2021,943.2,946.0,939.9,944.8,944.80,1.30,0.0014,"110,774","318,562",U21
6/7/2021,947.3,952.0,947.3,949.4,949.20,4.40,0.0047,"128,051","322,554",U21
7/7/2021,945.1,947.4,940.3,941.3,941.40,-7.80,-0.0082,"148,284","325,686",U21
8/7/2021,933.3,934.7,920.5,925.3,925.30,-16.10,-0.0171,"188,894","339,529",U21
9/7/2021,921.9,930.4,920.5,930.0,929.90,4.60,0.01,"177,313","335,925",U21
12/7/2021,933.0,933.6,924.1,926.0,926.00,-3.90,-0.0042,"121,888","337,322",U21
13/7/2021,929.9,939.5,929.6,937.3,937.30,11.30,0.0122,"166,433","343,298",U21
14/7/2021,935.5,938.6,932.1,936.1,936.10,-1.20,-0.0013,"145,788","337,077",U21
15/7/2021,937.0,938.6,933.7,934.5,934.90,-1.20,-0.0013,"132,895","336,028",U21
16/7/2021,932.7,936.0,928.5,935.3,935.20,0.30,0.0003,"147,975","335,706",U21
19/7/2021,922.0,925.5,919.4,922.4,922.30,-12.90,-0.0138,"146,973","341,434",U21
20/7/2021,920.0,921.6,911.2,914.6,914.60,-7.70,-0.0083,"186,448","346,854",U21
21/7/2021,915.0,918.4,912.2,916.1,916.30,1.70,0.0019,"144,448","345,075",U21
22/7/2021,920.4,924.5,920.3,923.9,923.80,7.50,0.0082,"127,942","340,268",U21
23/7/2021,922.0,922.0,915.2,917.0,917.50,-6.30,-0.0068,"136,771","324,681",U21
27/7/2021,915.0,916.6,907.5,910.6,911.00,-6.50,-0.0071,"147,142","327,064",U21
29/7/2021,910.0,916.0,909.1,915.0,914.90,3.90,0.0043,"145,775","325,694",U21
30/7/2021,913.9,913.9,903.3,905.8,906.10,-8.80,-0.0096,"190,629","321,634",U21
2/8/2021,905.5,910.3,901.8,910.2,910.00,3.90,0.0043,"143,536","326,892",U21
3/8/2021,906.5,915.3,906.0,914.5,914.60,4.60,0.0051,"144,640","330,113",U21
4/8/2021,914.2,920.5,910.9,918.9,918.90,4.30,0.0047,"164,700","327,159",U21
5/8/2021,917.0,918.7,904.8,907.0,907.20,-11.70,-0.0127,"221,384","327,475",U21
6/8/2021,908.0,908.9,896.2,900.2,900.40,-6.80,-0.0075,"201,856","328,525",U21
9/8/2021,903.8,917.3,903.0,914.8,914.70,14.30,0.0159,"197,826","339,980",U21
10/8/2021,914.0,919.3,911.0,913.3,913.50,-1.20,-0.0013,"176,142","334,128",U21
11/8/2021,916.4,921.7,908.0,910.9,910.70,-2.80,-0.0031,"228,949","343,557",U21
13/8/2021,909.0,914.0,905.3,913.2,913.10,2.40,0.0026,"210,519","356,392",U21
16/8/2021,909.8,918.7,905.4,917.8,917.70,4.60,0.01,"212,181","354,356",U21
17/8/2021,919.9,924.5,914.0,924.4,924.20,6.50,0.0071,"190,259","359,403",U21
18/8/2021,924.0,928.5,922.0,926.0,926.10,1.90,0.0021,"164,864","363,601",U21
19/8/2021,921.2,924.5,918.6,920.7,920.90,-5.20,-0.0056,"181,546","370,900",U21
20/8/2021,922.8,925.8,919.6,925.1,924.90,4.00,0.0043,"170,538","382,126",U21
23/8/2021,934.0,951.8,933.3,948.6,949.20,24.30,0.0263,"246,310","376,616",U21
24/8/2021,955.0,960.7,951.0,954.0,953.80,4.60,0.0048,"201,129","363,909",U21
25/8/2021,954.0,962.8,952.8,961.1,960.90,7.10,0.0074,"187,874","359,213",U21
26/8/2021,959.1,961.5,955.5,960.0,960.00,-0.90,-0.0009,"139,515","354,841",U21
27/8/2021,961.7,970.3,957.7,967.4,966.30,6.30,0.0066,"182,621","339,698",U21
30/8/2021,972.0,986.8,971.4,984.3,983.90,17.60,0.0182,"171,585","336,633",U21
31/8/2021,980.0,991.0,979.3,984.8,984.80,0.90,0.0009,"196,145","341,894",U21
1/9/2021,985.6,991.7,982.2,985.5,985.70,0.90,0.0009,"168,305","342,075",U21
2/9/2021,984.5,999.4,982.9,996.5,995.50,9.80,0.0099,"193,469","349,893",U21
3/9/2021,998.8,"1,002.7",994.2,998.8,998.80,3.30,0.0033,"164,430","347,236",U21
6/9/2021,998.4,999.1,991.7,995.2,995.40,-3.40,-0.0034,"119,003","330,503",U21
7/9/2021,995.0,"1,004.9",986.2,986.6,986.90,-8.50,-0.0085,"201,765","328,818",U21
8/9/2021,985.0,990.7,981.6,990.4,990.50,3.60,0.0036,"155,951","329,934",U21
9/9/2021,988.0,992.5,976.6,977.5,977.30,-13.20,-0.0133,"201,555","331,643",U21
10/9/2021,982.0,987.5,973.4,984.1,983.90,6.60,0.0068,"187,351","321,253",U21
13/9/2021,981.5,986.7,977.3,979.3,979.30,-4.60,-0.0047,"183,492","321,971",U21
14/9/2021,983.5,985.0,972.7,973.3,973.30,-6.00,-0.0061,"186,764","320,208",U21
15/9/2021,971.0,976.4,970.0,974.5,974.90,1.60,0.0016,"132,883","308,477",U21
16/9/2021,977.2,979.6,974.0,976.0,976.20,1.30,0.0013,"115,342","299,646",U21
17/9/2021,974.5,976.2,966.6,970.4,970.50,-5.70,-0.0058,"182,983","306,322",U21
20/9/2021,961.0,964.9,956.6,956.8,957.30,-13.20,-0.0136,"134,015","297,980",U21
21/9/2021,960.0,966.9,952.4,965.6,965.50,8.20,0.0086,"181,636","298,255",U21
22/9/2021,964.1,969.9,960.5,966.8,966.40,0.90,0.0009,"140,234","291,010",U21
23/9/2021,970.5,984.3,970.5,980.4,980.30,13.90,0.0144,"204,247","282,898",U21
27/9/2021,984.5,984.8,970.0,970.2,971.80,-8.50,-0.0087,"218,998","261,749",U21
28/9/2021,971.0,978.0,967.1,968.6,968.80,-3.00,-0.0031,"145,249","107,449",U21
29/9/2021,963.1,976.0,963.1,970.2,970.27,1.47,0.0015,"43,935","30,889",U21
30/9/2021,973.0,973.0,958.4,962.0,962.20,-8.90,-0.0092,"220,600","333,284",Z21
1/10/2021,956.6,964.4,953.3,959.8,960.10,-2.10,-0.0022,"200,544","322,308",Z21
4/10/2021,962.9,970.9,960.5,967.1,967.00,6.90,0.0072,"155,750","319,456",Z21
5/10/2021,965.2,977.2,963.1,974.9,974.60,7.60,0.0079,"179,871","331,279",Z21
6/10/2021,973.8,976.5,965.5,966.0,966.30,-8.30,-0.0085,"189,865","337,682",Z21
7/10/2021,972.0,983.2,971.7,980.7,979.70,13.40,0.0139,"194,194","343,624",Z21
8/10/2021,985.9,987.3,980.3,983.3,983.20,3.50,0.0036,"131,794","337,009",Z21
11/10/2021,986.6,988.9,976.6,981.3,981.20,-2.00,-0.00,"132,645","338,623",Z21
12/10/2021,985.7,991.0,982.6,987.6,987.40,6.20,0.0063,"129,675","343,351",Z21
14/10/2021,993.0,994.0,983.3,987.9,987.40,-,-,"145,559","347,819",Z21
15/10/2021,989.0,992.0,984.5,986.5,986.50,-0.90,-0.0009,"125,500","349,164",Z21
18/10/2021,987.0,991.5,985.5,991.0,990.90,4.40,0.0045,"109,617","354,906",Z21
19/10/2021,993.5,994.9,978.5,982.0,981.80,-9.10,-0.0092,"192,303","357,253",Z21
20/10/2021,980.0,984.7,979.6,983.2,983.30,1.50,0.0015,"98,536","355,258",Z21
21/10/2021,986.2,989.3,982.0,988.5,988.20,4.90,0.01,"123,293","351,707",Z21
25/10/2021,991.0,991.9,979.3,979.3,980.20,-8.00,-0.0081,"149,275","363,508",Z21
26/10/2021,980.3,984.8,975.9,984.2,984.00,3.80,0.0039,"159,083","360,489",Z21
27/10/2021,981.5,981.6,975.5,975.8,975.90,-8.10,-0.0082,"132,727","360,399",Z21
28/10/2021,973.8,978.7,972.1,975.1,975.00,-0.90,-0.0009,"109,163","359,159",Z21
29/10/2021,975.0,977.0,971.2,974.5,974.70,-0.30,-0.0003,"116,654","363,095",Z21
1/11/2021,978.5,979.5,966.7,970.8,970.80,-3.90,-0.00,"184,332","369,525",Z21
2/11/2021,970.1,974.0,967.5,971.5,971.50,0.70,0.0007,"114,080","360,768",Z21
3/11/2021,973.8,975.0,968.0,972.0,971.90,0.40,0.0004,"130,549","360,469",Z21
4/11/2021,972.9,981.8,968.3,979.0,978.90,7.00,0.0072,"186,831","365,370",Z21
5/11/2021,979.1,980.4,975.4,978.5,978.60,-0.30,-0.0003,"109,538","361,673",Z21
8/11/2021,979.4,984.9,976.1,978.1,978.20,-0.40,-0.0004,"134,250","359,165",Z21
9/11/2021,979.5,982.3,976.4,978.7,979.00,0.80,0.0008,"116,796","355,156",Z21
10/11/2021,975.0,978.8,970.5,977.5,977.20,-1.80,-0.0018,"129,083","353,872",Z21
11/11/2021,975.0,980.0,974.1,979.2,979.10,1.90,0.0019,"106,184","353,720",Z21
12/11/2021,980.1,982.5,979.5,980.2,980.40,1.30,0.0013,"84,780","356,296",Z21
15/11/2021,982.0,984.3,979.7,983.3,983.30,2.90,0.00,"83,686","346,386",Z21
16/11/2021,984.0,989.0,983.6,986.5,986.50,3.20,0.0033,"108,868","355,432",Z21
17/11/2021,986.0,988.7,983.5,984.1,984.20,-2.30,-0.0023,"102,688","358,761",Z21
18/11/2021,982.0,988.0,980.1,986.9,986.60,2.40,0.0024,"101,829","356,029",Z21
19/11/2021,986.9,990.9,982.0,982.2,982.80,-3.80,-0.0039,"142,785","352,712",Z21
22/11/2021,982.5,990.0,980.2,987.5,987.30,4.50,0.0046,"122,047","360,514",Z21
23/11/2021,985.5,989.5,984.8,986.4,986.30,-1.00,-0.00,"92,567","361,886",Z21
24/11/2021,986.5,993.4,985.5,988.3,988.30,2.00,0.00,"144,038","362,969",Z21
25/11/2021,990.0,991.2,986.0,987.5,987.40,-0.90,-0.0009,"94,769","359,203",Z21
26/11/2021,981.2,982.6,958.3,961.0,961.10,-26.30,-0.0266,"266,146","364,183",Z21
29/11/2021,963.1,966.4,945.3,946.3,946.50,-14.60,-0.0152,"272,807","356,104",Z21
30/11/2021,950.0,958.5,928.8,928.8,929.30,-17.20,-0.0182,"307,166","341,874",Z21
1/12/2021,936.0,945.8,928.8,945.2,945.50,16.20,0.0174,"278,570","331,144",Z21
2/12/2021,941.0,947.8,937.3,947.4,947.40,1.90,0.00,"165,506","319,618",Z21
3/12/2021,947.5,949.0,942.1,942.1,942.30,-5.10,-0.0054,"112,101","309,004",Z21
7/12/2021,946.8,957.9,945.1,956.0,956.00,13.70,0.0145,"148,333","304,448",Z21
8/12/2021,960.0,964.6,957.4,962.4,962.50,6.50,0.0068,"126,650","310,022",Z21
9/12/2021,964.9,966.0,958.2,962.8,962.80,0.30,0.0003,"112,893","305,851",Z21
13/12/2021,967.9,967.9,960.5,964.9,964.90,2.10,0.0022,"132,462","300,789",Z21
14/12/2021,960.0,967.7,957.2,966.1,966.20,1.30,0.0013,"117,221","300,572",Z21
15/12/2021,967.4,969.3,961.3,963.3,963.30,-2.90,-0.00,"111,638","307,145",Z21
16/12/2021,968.0,979.7,964.3,978.6,978.40,15.10,0.0157,"169,185","298,188",Z21
17/12/2021,976.5,979.0,973.8,975.5,975.60,-2.80,-0.0029,"110,110","294,780",Z21
20/12/2021,967.7,969.0,953.2,957.7,957.90,-17.70,-0.0181,"179,002","301,170",Z21
21/12/2021,961.0,967.9,958.6,962.5,962.40,4.50,0.0047,"150,127","299,625",Z21
22/12/2021,966.0,967.5,962.5,964.0,963.90,1.50,0.0016,"89,472","270,865",Z21
23/12/2021,967.5,979.4,966.9,974.4,974.30,10.40,0.0108,"173,704","249,083",Z21
24/12/2021,975.0,978.2,972.9,976.2,976.00,1.70,0.0017,"118,928","219,360",Z21
27/12/2021,977.5,978.9,972.4,974.9,974.60,-1.40,-0.0014,"120,396","172,671",Z21
28/12/2021,977.8,986.0,977.4,983.0,982.60,8.00,0.0082,"123,843","83,519",Z21
29/12/2021,979.0,988.9,979.0,987.3,987.30,4.70,0.0048,"33,555","29,525",Z21
30/12/2021,983.0,988.3,982.7,986.8,986.80,3.80,0.0039,"100,015","324,663",H22
4/1/2022,989.5,997.8,986.7,993.4,993.50,6.70,0.0068,"161,737","344,030",H22
5/1/2022,992.2,997.0,992.0,996.5,996.30,2.80,0.0028,"110,000","338,287",H22
6/1/2022,990.5,991.7,977.1,979.4,979.10,-17.20,-0.0173,"236,594","348,415",H22
7/1/2022,980.5,981.8,975.1,977.1,977.30,-1.80,-0.0018,"161,030","357,139",H22
10/1/2022,979.0,983.4,975.5,978.1,978.00,0.70,0.0007,"143,707","355,204",H22
11/1/2022,978.0,985.2,977.0,984.1,984.20,6.20,0.0063,"121,744","365,390",H22
12/1/2022,991.0,992.9,988.2,990.2,990.20,6.00,0.0061,"119,189","369,419",H22
13/1/2022,990.7,992.3,987.6,990.4,990.40,0.20,0.0002,"76,220","372,412",H22
14/1/2022,985.5,992.0,982.3,986.5,986.50,-3.90,-0.0039,"162,436","373,235",H22
17/1/2022,986.0,991.2,984.2,990.9,990.40,3.90,0.00,"100,690","383,494",H22
18/1/2022,992.5,993.3,978.3,980.3,980.30,-10.10,-0.0102,"201,070","384,317",H22
19/1/2022,978.0,984.0,976.7,983.9,983.90,3.60,0.0037,"143,629","369,855",H22
20/1/2022,984.5,985.8,980.7,982.5,982.40,-1.50,-0.0015,"95,970","369,367",H22
21/1/2022,978.3,980.5,972.7,980.4,980.20,-2.20,-0.0022,"157,249","367,365",H22
24/1/2022,977.5,981.7,975.1,977.1,976.90,-3.30,-0.0034,"126,181","378,094",H22
25/1/2022,973.0,978.9,968.5,978.5,978.60,1.70,0.0017,"192,196","383,406",H22
26/1/2022,980.7,987.8,980.5,985.0,985.10,6.50,0.0066,"147,884","387,070",H22
27/1/2022,976.5,979.5,969.0,979.0,979.00,-6.10,-0.0062,"252,733","375,395",H22
28/1/2022,979.4,984.5,978.3,981.4,981.40,2.40,0.0025,"155,274","367,604",H22
31/1/2022,986.7,991.8,986.0,986.5,986.60,5.20,0.0053,"134,215","374,916",H22
1/2/2022,990.2,992.0,988.2,988.5,988.40,1.80,0.0018,"102,957","380,551",H22
2/2/2022,992.1,993.1,987.1,991.1,990.80,2.40,0.0024,"115,857","383,870",H22
3/2/2022,988.3,993.0,984.0,990.7,990.70,-0.10,-0.0001,"141,560","397,543",H22
4/2/2022,993.0,997.5,992.9,996.0,995.70,5.00,0.01,"116,174","403,250",H22
7/2/2022,993.3,999.6,991.4,996.6,996.40,0.70,0.0007,"147,081","411,479",H22
8/2/2022,997.8,"1,005.3",996.3,"1,005.2","1,005.00",8.60,0.0086,"164,256","416,208",H22
9/2/2022,"1,008.1","1,027.4","1,007.0","1,022.0","1,022.40",17.40,0.0173,"279,453","458,334",H22
10/2/2022,"1,023.5","1,027.8","1,020.3","1,023.6","1,023.80",1.40,0.0014,"141,169","462,805",H22
11/2/2022,"1,018.3","1,023.8","1,016.0","1,021.4","1,021.10",-2.70,-0.0026,"134,548","453,122",H22
14/2/2022,"1,017.0","1,021.3","1,012.1","1,014.0","1,014.10",-7.00,-0.0069,"140,311","450,203",H22
15/2/2022,"1,017.5","1,026.7","1,015.3","1,024.4","1,024.30",10.20,0.0101,"164,294","454,420",H22
17/2/2022,"1,027.0","1,037.0","1,025.8","1,029.1","1,029.20",4.90,0.0048,"186,498","470,023",H22
18/2/2022,"1,029.0","1,034.8","1,025.7","1,032.3","1,031.90",2.70,0.0026,"139,400","466,567",H22
21/2/2022,"1,029.9","1,031.0","1,013.3","1,014.4","1,014.90",-17.00,-0.0165,"207,918","452,389",H22
22/2/2022,"1,007.0","1,011.3","1,000.7","1,009.9","1,009.90",-5.00,-0.0049,"235,551","424,922",H22
23/2/2022,"1,012.9","1,019.9","1,008.4","1,017.3","1,016.80",6.90,0.0068,"179,359","437,722",H22
24/2/2022,"1,009.2","1,011.5",996.0,"1,001.1","1,001.50",-15.30,-0.02,"290,395","421,830",H22
25/2/2022,"1,010.0","1,010.8","1,003.7","1,008.1","1,008.40",6.90,0.0069,"171,648","414,627",H22
28/2/2022,"1,005.0","1,016.2","1,001.5","1,008.1","1,008.20",-0.20,-0.0002,"205,606","413,779",H22
1/3/2022,"1,016.7","1,023.3","1,015.2","1,017.4","1,017.30",9.10,0.01,"175,690","418,600",H22
2/3/2022,"1,015.0","1,020.6","1,012.7","1,019.7","1,019.80",2.50,0.0025,"161,005","412,816",H22
3/3/2022,"1,026.0","1,029.0","1,020.4","1,023.2","1,023.30",3.50,0.0034,"142,215","411,054",H22
4/3/2022,"1,017.5","1,018.5","1,005.5","1,008.0","1,007.90",-15.40,-0.02,"198,098","406,295",H22
7/3/2022,998.5,998.5,974.4,983.9,984.00,-23.90,-0.0237,"340,218","377,160",H22
8/3/2022,981.5,983.8,955.5,978.5,978.40,-5.60,-0.0057,"361,279","375,198",H22
9/3/2022,977.5,989.6,971.6,989.2,989.10,10.70,0.0109,"255,471","367,419",H22
10/3/2022,997.1,999.8,992.0,993.8,994.40,5.30,0.0054,"205,252","350,574",H22
11/3/2022,990.0,"1,004.3",986.4,"1,002.8","1,002.70",8.30,0.0083,"191,217","343,047",H22
14/3/2022,995.0,"1,007.5",992.4,"1,007.4","1,007.00",4.30,0.0043,"149,499","337,864",H22
15/3/2022,"1,004.0","1,005.0",991.2,995.0,995.40,-11.60,-0.0115,"177,629","322,121",H22
16/3/2022,"1,002.8","1,011.1","1,000.3","1,009.3","1,009.30",13.90,0.01,"161,832","320,172",H22
17/3/2022,"1,015.0","1,021.8","1,014.8","1,017.9","1,018.10",8.80,0.0087,"159,094","325,158",H22
18/3/2022,"1,018.2","1,020.7","1,015.3","1,015.4","1,015.80",-2.30,-0.0023,"128,755","321,824",H22
21/3/2022,"1,016.2","1,018.1","1,008.6","1,012.0","1,011.70",-4.10,-0.00,"134,612","309,835",H22
22/3/2022,"1,010.2","1,014.7","1,009.3","1,012.4","1,012.20",0.50,0.0005,"118,134","303,928",H22
23/3/2022,"1,018.5","1,018.7","1,006.5","1,006.5","1,006.80",-5.40,-0.0053,"152,115","295,305",H22
24/3/2022,"1,005.7","1,014.0","1,002.6","1,012.7","1,012.20",5.40,0.0054,"148,794","275,937",H22
25/3/2022,"1,014.3","1,015.9","1,006.4","1,010.0","1,009.90",-2.30,-0.0023,"147,126","247,756",H22
28/3/2022,"1,008.0","1,016.7","1,007.7","1,015.2","1,014.90",5.00,0.01,"184,092","174,297",H22
29/3/2022,"1,014.0","1,018.2","1,014.0","1,016.0","1,015.70",0.80,0.0008,"110,389","73,444",H22
30/3/2022,"1,017.2","1,024.0","1,017.2","1,023.0","1,022.90",7.20,0.0071,"33,480","27,923",H22
1/4/2022,"1,014.0","1,019.3","1,010.5","1,018.7","1,018.70",2.00,0.00,"122,850","339,103",M22
4/4/2022,"1,019.0","1,020.9","1,015.1","1,018.6","1,018.50",-0.20,-0.0002,"97,670","338,088",M22
5/4/2022,"1,019.0","1,020.5","1,016.0","1,016.5","1,016.40",-2.10,-0.0021,"96,529","339,817",M22
7/4/2022,"1,010.9","1,011.9","1,000.6","1,003.5","1,003.40",-13.00,-0.0128,"218,621","337,137",M22
8/4/2022,"1,003.0","1,004.8",997.0,"1,002.9","1,002.90",-0.50,-0.0005,"135,594","336,893",M22
11/4/2022,996.0,999.7,992.8,997.5,997.30,-5.60,-0.0056,"132,811","340,501",M22
12/4/2022,992.0,996.3,991.0,994.8,994.90,-2.40,-0.0024,"115,611","337,348",M22
18/4/2022,991.5,993.8,987.2,988.3,988.50,-6.40,-0.0064,"133,211","341,696",M22
19/4/2022,989.9,996.0,988.0,989.1,989.30,0.80,0.0008,"138,018","346,767",M22
20/4/2022,993.1,995.1,989.7,991.8,991.70,2.40,0.0024,"117,032","353,181",M22
21/4/2022,993.9,"1,000.5",993.2,997.6,997.80,6.10,0.0062,"148,220","359,509",M22
22/4/2022,993.5,993.5,984.2,990.4,990.40,-7.40,-0.0074,"191,850","343,909",M22
25/4/2022,975.3,982.6,975.1,978.6,978.40,-12.00,-0.0121,"155,337","345,705",M22
26/4/2022,983.0,986.1,978.5,981.1,981.30,2.90,0.00,"163,486","354,974",M22
27/4/2022,976.8,977.9,971.5,976.9,976.70,-4.60,-0.0047,"185,871","346,647",M22
28/4/2022,977.5,979.2,973.7,978.1,977.90,1.20,0.0012,"127,650","349,737",M22
29/4/2022,978.8,984.0,975.2,978.0,978.10,0.20,0.0002,"136,811","343,887",M22
3/5/2022,975.4,978.8,973.5,975.0,975.10,-3.00,-0.0031,"129,790","351,305",M22
5/5/2022,982.5,985.3,970.5,971.7,971.80,-3.30,-0.0034,"186,930","356,908",M22
6/5/2022,963.0,965.0,957.7,964.3,964.00,-7.80,-0.01,"226,349","355,823",M22
9/5/2022,956.5,958.0,947.7,947.8,948.00,-16.00,-0.0166,"204,177","357,823",M22
10/5/2022,947.0,961.2,945.1,959.4,959.50,11.50,0.0121,"226,380","348,703",M22
11/5/2022,958.0,959.1,949.1,957.4,957.20,-2.30,-0.0024,"210,769","350,901",M22
12/5/2022,950.0,951.0,941.1,943.8,944.10,-13.10,-0.0137,"245,827","368,509",M22
13/5/2022,951.7,953.3,947.2,948.5,948.50,4.40,0.0047,"191,259","370,443",M22
17/5/2022,954.2,968.8,953.1,968.2,967.50,19.00,0.02,"230,249","369,237",M22
18/5/2022,970.0,973.9,962.6,973.4,973.10,5.60,0.0058,"204,447","363,668",M22
19/5/2022,957.0,965.5,956.1,961.3,961.10,-12.00,-0.0123,"210,468","364,857",M22
20/5/2022,970.9,977.2,970.3,976.3,976.10,15.00,0.0156,"179,212","369,278",M22
23/5/2022,979.1,984.2,974.1,984.0,983.90,7.80,0.01,"177,459","380,491",M22
24/5/2022,982.0,982.5,976.0,977.3,977.20,-6.70,-0.0068,"136,934","383,031",M22
25/5/2022,979.1,987.2,973.2,974.9,974.50,-2.70,-0.0028,"219,584","375,796",M22
26/5/2022,977.0,982.7,976.1,980.1,980.00,5.50,0.0056,"144,890","390,360",M22
27/5/2022,988.4,990.7,981.8,986.0,985.80,5.80,0.0059,"166,502","383,971",M22
30/5/2022,993.0,996.2,990.8,996.0,995.80,10.00,0.0101,"141,581","380,374",M22
31/5/2022,995.1,"1,000.0",990.0,998.0,998.00,2.20,0.0022,"176,818","388,621",M22
1/6/2022,998.0,"1,003.0",996.5,"1,001.7","1,001.10",3.10,0.0031,"144,414","383,172",M22
2/6/2022,997.2,998.4,994.8,996.4,996.20,-4.90,-0.0049,"138,260","367,975",M22
6/6/2022,997.0,999.9,987.3,994.3,994.00,-2.20,-0.0022,"181,663","353,825",M22
7/6/2022,988.9,989.9,984.0,985.4,985.10,-8.90,-0.01,"159,743","348,339",M22
8/6/2022,988.5,989.0,983.6,985.3,985.40,0.30,0.0003,"138,768","346,905",M22
9/6/2022,983.0,993.3,982.1,991.0,991.20,5.80,0.0059,"195,975","349,844",M22
10/6/2022,985.1,988.4,984.1,986.4,986.50,-4.70,-0.0047,"131,981","350,675",M22
13/6/2022,971.5,973.4,965.8,968.0,967.80,-18.70,-0.02,"185,426","351,347",M22
14/6/2022,968.0,969.4,963.1,966.8,966.80,-1.00,-0.00,"169,315","349,490",M22
15/6/2022,967.7,969.3,961.2,965.0,964.90,-1.90,-0.00,"149,210","349,065",M22
16/6/2022,969.0,970.4,940.1,941.0,940.70,-24.20,-0.0251,"294,236","384,127",M22
17/6/2022,940.9,949.9,936.7,943.0,942.90,2.20,0.0023,"246,394","349,105",M22
20/6/2022,939.8,945.9,937.5,942.0,942.50,-0.40,-0.0004,"172,237","337,586",M22
21/6/2022,947.1,953.9,945.2,953.7,953.50,11.00,0.0117,"150,716","331,898",M22
22/6/2022,949.1,949.5,936.4,942.8,943.00,-10.50,-0.01,"196,309","331,429",M22
23/6/2022,943.1,946.5,938.7,942.9,942.70,-0.30,-0.0003,"167,865","330,906",M22
24/6/2022,948.2,950.0,942.7,947.9,948.00,5.30,0.0056,"178,372","306,640",M22
27/6/2022,957.0,959.9,954.2,958.4,958.40,10.40,0.01,"222,374","225,578",M22
28/6/2022,956.4,967.0,955.5,963.9,963.80,5.40,0.0056,"113,482","99,248",M22
29/6/2022,960.0,964.0,959.0,962.8,962.49,-1.31,-0.0014,"42,386","32,072",M22