Date,Open,High,Low,Close,SP,Chg,%Chg,Vol,OI,Series,Expiration,Day to expire,ATM premium,+/-1 OTM premium,atr,tr,atm_tv
2019-06-28,1144.5,1149.5,1143.4,1148.4,1148.2,1.9,0.0017,115738.0,316223.0,U19,2019-09-27,91d,43.8,24.4,,6.099999999999909,42.20000000000009
2019-07-01,1161.9,1163.6,1155.4,1157.2,1157.3,9.1,0.0079,133682.0,321194.0,U19,2019-09-27,88d,42.3,21.7,,8.199999999999818,35.09999999999995
2019-07-02,1153.5,1156.1,1149.3,1150.4,1150.6,-6.7,-0.0058,119790.0,325410.0,U19,2019-09-27,87d,40.8,20.7,,6.7999999999999545,40.399999999999906
2019-07-03,1150.0,1155.9,1148.1,1153.3,1153.2,2.6,0.0023,124920.0,340505.0,U19,2019-09-27,86d,39.5,20.5,,7.800000000000182,36.200000000000045
2019-07-04,1153.2,1157.4,1136.7,1141.8,1142.2,-11.0,-0.0095,199165.0,324931.0,U19,2019-09-27,85d,40.9,21.8,,20.700000000000045,32.69999999999995
2019-07-05,1143.0,1147.0,1138.2,1146.8,1146.7,4.5,0.0039,136334.0,332161.0,U19,2019-09-27,84d,39.4,21.0,,8.799999999999955,36.19999999999995
2019-07-08,1142.5,1144.0,1137.4,1141.0,1141.3,-5.4,-0.0047,140711.0,322871.0,U19,2019-09-27,81d,40.6,20.8,,6.599999999999909,31.6
2019-07-09,1138.8,1142.0,1133.2,1134.0,1134.2,-7.1,-0.0062,147509.0,314458.0,U19,2019-09-27,80d,39.5,20.3,,8.799999999999955,30.5
2019-07-10,1137.3,1151.9,1136.8,1148.7,1148.5,14.3,0.0126,179515.0,335614.0,U19,2019-09-27,79d,38.9,19.0,,15.100000000000136,37.600000000000044
2019-07-11,1154.0,1154.8,1147.1,1152.0,1151.3,2.8,0.0024,129135.0,336135.0,U19,2019-09-27,78d,38.1,19.4,,7.7000000000000455,36.1
2019-07-12,1150.9,1153.0,1136.7,1141.2,1141.6,-9.7,-0.0084,171333.0,330159.0,U19,2019-09-27,77d,40.3,19.3,,16.299999999999955,31.500000000000043
2019-07-15,1141.2,1146.8,1138.3,1139.0,1138.9,-2.7,-0.0024,141130.0,322284.0,U19,2019-09-27,74d,39.0,20.2,,8.5,28.0
2019-07-17,1136.0,1142.8,1134.3,1137.2,1136.7,-2.2,-0.0019,151200.0,331320.0,U19,2019-09-27,72d,39.7,20.2,,8.5,27.499999999999957
2019-07-18,1133.1,1139.1,1132.0,1137.7,1137.7,1.0,0.0009,116516.0,337578.0,U19,2019-09-27,71d,38.0,19.5,9.785714285714269,7.099999999999909,25.700000000000045
2019-07-19,1146.0,1149.5,1144.1,1145.1,1145.5,7.8,0.0069,105752.0,341425.0,U19,2019-09-27,70d,36.4,17.8,9.735714285714282,5.400000000000091,31.499999999999908
2019-07-22,1139.9,1142.9,1135.4,1139.0,1138.8,-6.7,-0.0058,105969.0,331923.0,U19,2019-09-27,67d,38.1,18.9,9.685714285714296,7.5,27.1
2019-07-23,1141.0,1142.0,1134.2,1136.9,1136.8,-2.0,-0.0018,100941.0,333393.0,U19,2019-09-27,66d,38.2,18.7,9.757142857142867,7.7999999999999545,26.299999999999912
2019-07-24,1138.3,1139.5,1132.4,1137.3,1136.9,0.1,0.0001,114859.0,342187.0,U19,2019-09-27,65d,37.3,18.4,9.707142857142847,7.099999999999909,25.000000000000043
2019-07-25,1137.0,1139.5,1136.2,1138.2,1138.0,1.1,0.0,80891.0,343493.0,U19,2019-09-27,64d,35.9,17.0,8.464285714285698,3.2999999999999545,24.100000000000044
2019-07-26,1135.1,1136.4,1125.1,1128.5,1128.7,-9.3,-0.0082,161423.0,337211.0,U19,2019-09-27,63d,33.0,15.9,8.642857142857142,11.300000000000182,29.5
2019-07-30,1130.0,1130.8,1121.6,1122.7,1123.2,-5.5,-0.0049,115452.0,334466.0,U19,2019-09-27,59d,31.1,14.7,8.828571428571438,9.200000000000045,28.800000000000047
2019-07-31,1120.0,1128.0,1119.8,1125.2,1125.2,2.0,0.0018,113069.0,327616.0,U19,2019-09-27,58d,30.3,14.6,8.785714285714302,8.200000000000045,30.099999999999955
2019-08-01,1122.9,1123.3,1116.6,1119.3,1119.7,-5.5,-0.0049,132019.0,340106.0,U19,2019-09-27,57d,29.5,13.5,8.185714285714296,6.7000000000000455,23.799999999999955
2019-08-02,1110.0,1110.0,1101.0,1107.1,1107.6,-12.1,-0.0108,197220.0,321068.0,U19,2019-09-27,56d,33.6,16.3,8.278571428571436,9.0,26.500000000000092
2019-08-05,1098.6,1105.0,1091.8,1091.8,1093.6,-14.0,-0.0126,152441.0,319489.0,U19,2019-09-27,53d,35.0,15.9,8.05714285714287,13.200000000000045,26.799999999999955
2019-08-06,1080.2,1098.6,1080.1,1098.0,1097.9,4.3,0.0039,219333.0,313447.0,U19,2019-09-27,52d,32.9,15.2,8.771428571428585,18.5,30.9
2019-08-07,1093.6,1102.8,1091.2,1093.1,1093.2,-4.7,-0.0043,176458.0,298503.0,U19,2019-09-27,51d,32.2,15.1,8.992857142857149,11.599999999999909,25.299999999999912
2019-08-08,1096.1,1097.4,1088.8,1089.3,1089.8,-3.4,-0.0031,146316.0,294834.0,U19,2019-09-27,50d,33.0,16.2,9.100000000000023,8.600000000000136,22.299999999999955
2019-08-09,1092.5,1096.5,1082.0,1083.5,1083.7,-6.1,-0.0056,128488.0,281230.0,U19,2019-09-27,49d,35.1,17.0,9.750000000000016,14.5,26.6
2019-08-13,1080.3,1081.6,1055.5,1056.1,1056.6,-27.1,-0.03,194821.0,275967.0,U19,2019-09-27,45d,35.2,18.5,11.078571428571438,26.09999999999991,29.100000000000094
2019-08-14,1065.0,1074.8,1056.0,1061.8,1061.6,5.0,0.0047,235801.0,268739.0,U19,2019-09-27,44d,39.7,19.7,11.864285714285725,18.799999999999955,27.90000000000005
2019-08-15,1052.0,1060.1,1045.1,1047.4,1047.6,-14.0,-0.0132,289299.0,280352.0,U19,2019-09-27,43d,38.2,21.1,12.428571428571445,15.0,35.600000000000094
2019-08-16,1051.0,1072.5,1050.8,1069.0,1069.3,21.7,0.0207,263952.0,271298.0,U19,2019-09-27,42d,36.5,18.8,13.742857142857165,21.700000000000045,30.5
2019-08-19,1075.0,1078.3,1071.5,1075.9,1075.9,6.6,0.0062,154981.0,266787.0,U19,2019-09-27,39d,37.0,17.9,13.421428571428578,6.7999999999999545,36.09999999999991
2019-08-20,1077.0,1077.3,1063.0,1065.0,1065.6,-10.3,-0.0096,183775.0,269471.0,U19,2019-09-27,38d,35.0,17.8,13.785714285714286,14.299999999999955,25.0
2019-08-21,1064.2,1079.7,1064.2,1077.3,1076.6,11.0,0.0103,202812.0,271642.0,U19,2019-09-27,37d,34.0,16.6,14.307142857142853,15.5,31.700000000000045
2019-08-22,1072.2,1075.0,1057.0,1072.2,1071.6,-5.0,-0.0046,221675.0,262244.0,U19,2019-09-27,36d,33.9,16.9,15.114285714285709,18.0,31.100000000000044
2019-08-23,1079.9,1084.3,1075.5,1083.0,1082.9,11.3,0.0105,150419.0,259316.0,U19,2019-09-27,35d,34.8,17.3,15.09999999999999,8.799999999999955,26.799999999999997
2019-08-26,1064.0,1068.7,1056.1,1066.4,1066.8,-16.1,-0.0149,240612.0,272578.0,U19,2019-09-27,32d,36.7,18.4,15.057142857142853,12.600000000000136,28.100000000000094
2019-08-27,1063.5,1070.3,1057.0,1060.5,1060.5,-6.3,-0.0059,219812.0,271904.0,U19,2019-09-27,31d,37.7,19.0,14.68571428571428,13.299999999999955,27.200000000000003
2019-08-28,1061.5,1064.4,1058.6,1062.5,1062.3,1.8,0.0017,137207.0,273913.0,U19,2019-09-27,30d,37.0,18.0,14.271428571428585,5.800000000000182,24.5
2019-08-29,1065.0,1078.3,1063.7,1077.6,1077.6,15.3,0.0144,172985.0,275497.0,U19,2019-09-27,29d,33.5,16.0,14.699999999999998,14.599999999999909,30.90000000000009
2019-08-30,1082.5,1091.3,1079.8,1089.1,1089.3,11.7,0.0109,183981.0,277233.0,U19,2019-09-27,28d,33.7,15.7,14.485714285714282,11.5,22.799999999999912
2019-09-02,1086.0,1093.7,1084.1,1087.5,1087.8,-1.5,-0.0014,121783.0,280172.0,U19,2019-09-27,25d,32.2,15.1,13.30714285714287,9.600000000000136,19.700000000000003
2019-09-03,1087.0,1090.9,1078.4,1080.8,1081.2,-6.6,-0.0061,186701.0,300030.0,U19,2019-09-27,24d,28.9,13.1,12.857142857142874,12.5,23.100000000000044
2019-09-04,1085.8,1100.9,1085.5,1097.2,1096.0,14.8,0.0137,196616.0,303128.0,U19,2019-09-27,23d,27.8,11.8,12.88571428571431,15.400000000000091,25.000000000000046
2019-09-05,1105.1,1107.1,1098.1,1106.2,1106.1,10.1,0.0092,155025.0,293881.0,U19,2019-09-27,22d,27.3,12.1,11.978571428571447,9.0,21.099999999999955
2019-09-06,1110.0,1111.0,1104.0,1105.8,1105.3,-0.8,-0.0007,113573.0,270457.0,U19,2019-09-27,21d,26.4,10.7,11.992857142857165,7.0,20.600000000000044
2019-09-09,1106.0,1108.9,1101.5,1106.2,1106.2,0.9,0.0008,120286.0,267976.0,U19,2019-09-27,18d,25.4,9.5,11.500000000000032,7.400000000000091,19.199999999999953
2019-09-10,1106.8,1109.4,1098.6,1103.6,1103.7,-2.5,-0.0023,150706.0,274897.0,U19,2019-09-27,17d,24.3,8.4,11.164285714285759,10.800000000000182,20.70000000000009
2019-09-11,1107.2,1113.0,1103.1,1112.8,1112.5,8.8,0.01,152252.0,268094.0,U19,2019-09-27,16d,25.9,8.8,10.585714285714337,9.900000000000091,13.699999999999953
2019-09-12,1114.5,1115.7,1099.6,1099.9,1100.4,-12.1,-0.0109,170124.0,263834.0,U19,2019-09-27,15d,23.4,8.5,11.107142857142922,16.100000000000136,23.30000000000009
2019-09-13,1103.0,1105.7,1096.4,1102.2,1102.1,1.7,0.0015,159788.0,258146.0,U19,2019-09-27,14d,21.0,5.7,10.871428571428623,9.299999999999955,18.799999999999955
2019-09-16,1103.0,1106.9,1099.0,1102.6,1102.6,0.5,0.0005,108147.0,256364.0,U19,2019-09-27,11d,19.4,5.5,10.485714285714348,7.900000000000091,16.80000000000009
2019-09-17,1103.0,1110.0,1100.6,1106.2,1105.5,2.9,0.0026,157842.0,259844.0,U19,2019-09-27,10d,21.0,4.7,10.742857142857199,9.400000000000091,14.799999999999955
2019-09-18,1101.7,1103.9,1096.6,1098.6,1098.6,-6.9,-0.0062,144849.0,260809.0,U19,2019-09-27,9d,17.7,5.1,10.221428571428646,7.300000000000182,16.29999999999991
2019-09-19,1097.0,1102.0,1087.9,1087.9,1088.6,-10.0,-0.0091,151567.0,253122.0,U19,2019-09-27,8d,19.6,4.9,10.407142857142926,14.099999999999909,7.500000000000092
2019-09-20,1089.0,1091.0,1082.7,1087.6,1087.6,-1.0,-0.0009,143543.0,246321.0,U19,2019-09-27,7d,18.4,3.4,10.31428571428577,8.299999999999955,5.999999999999908
2019-09-23,1090.0,1090.0,1077.6,1078.7,1079.2,-8.4,-0.0077,106210.0,234645.0,U19,2019-09-27,4d,14.5,1.7,10.30714285714292,12.400000000000091,10.799999999999955
2019-09-24,1080.6,1084.2,1079.3,1083.5,1083.3,4.1,0.0038,134040.0,209737.0,U19,2019-09-27,3d,14.0,1.9,9.55714285714292,4.900000000000091,5.5
2019-09-25,1079.0,1081.3,1075.5,1079.6,1079.6,-3.7,-0.0034,118423.0,181389.0,U19,2019-09-27,2d,11.2,0.8,9.328571428571488,5.7999999999999545,6.60000000000009
2019-09-26,1083.0,1089.0,1082.4,1088.6,1088.6,9.0,0.0083,89288.0,106933.0,U19,2019-09-27,1d,12.3,0.5,9.300000000000052,6.599999999999909,0.8999999999999098
2019-09-27,1086.2,1096.3,1085.4,1096.2,1096.94,8.34,0.0077,24026.0,77615.0,U19,2019-09-27,0ms,3.7,0.2,9.550000000000036,10.899999999999864,-0.09999999999995435
2019-09-30,1089.0,1090.0,1083.3,1084.5,1084.8,-3.1,-0.0028,107933.0,247024.0,Z19,2019-12-27,88d,47.6,28.7,9.257142857142883,6.7000000000000455,38.1
2019-10-01,1086.4,1087.8,1072.6,1075.1,1074.9,-9.9,-0.0091,154024.0,261517.0,Z19,2019-12-27,87d,47.6,27.3,9.63571428571431,15.200000000000045,47.50000000000009
2019-10-02,1068.2,1069.7,1064.5,1067.2,1067.1,-7.8,-0.0073,152867.0,264204.0,Z19,2019-12-27,86d,47.5,28.1,8.857142857142874,5.2000000000000455,39.700000000000045
2019-10-03,1062.3,1069.4,1061.6,1068.0,1067.8,0.7,0.0007,139554.0,261045.0,Z19,2019-12-27,85d,46.8,27.6,8.750000000000032,7.800000000000182,39.8
2019-10-04,1067.8,1073.5,1062.1,1064.8,1064.8,-3.0,-0.0028,126158.0,259098.0,Z19,2019-12-27,84d,45.5,27.1,9.000000000000032,11.400000000000091,35.299999999999955
2019-10-07,1066.0,1073.0,1065.3,1069.1,1069.2,4.4,0.0041,120437.0,270425.0,Z19,2019-12-27,81d,45.7,25.5,8.878571428571458,7.7000000000000455,39.79999999999991
2019-10-08,1073.9,1076.8,1066.4,1067.1,1067.6,-1.6,-0.0015,133063.0,273122.0,Z19,2019-12-27,80d,44.6,25.5,9.100000000000007,10.399999999999864,36.69999999999991
2019-10-09,1066.5,1075.0,1063.0,1074.7,1074.5,6.9,0.0065,137005.0,284812.0,Z19,2019-12-27,79d,44.2,24.6,8.950000000000014,12.0,43.90000000000005
2019-10-10,1071.8,1072.5,1064.0,1066.3,1066.3,-8.2,-0.0076,142804.0,288503.0,Z19,2019-12-27,78d,43.7,24.4,8.964285714285731,8.5,34.99999999999996
2019-10-11,1071.2,1080.6,1070.0,1080.0,1079.5,13.2,0.0124,158065.0,290140.0,Z19,2019-12-27,77d,43.7,25.0,8.835714285714289,10.599999999999909,38.7
2019-10-15,1082.2,1084.8,1079.4,1083.2,1083.1,3.6,0.0033,112895.0,295248.0,Z19,2019-12-27,73d,43.1,24.4,8.871428571428558,5.399999999999864,34.899999999999956
2019-10-16,1085.0,1087.7,1082.8,1084.4,1084.7,1.6,0.0015,129746.0,304895.0,Z19,2019-12-27,72d,42.8,23.9,8.807142857142853,4.900000000000091,33.399999999999906
2019-10-17,1087.0,1088.4,1083.8,1088.3,1088.1,3.4,0.0031,120883.0,311848.0,Z19,2019-12-27,71d,43.3,23.6,8.664285714285727,4.600000000000136,31.59999999999995
2019-10-18,1089.8,1089.9,1081.0,1085.8,1085.6,-2.5,-0.0023,128198.0,316639.0,Z19,2019-12-27,70d,41.8,23.3,8.5214285714286,8.900000000000091,31.000000000000043
2019-10-21,1083.1,1085.4,1077.6,1079.2,1079.3,-6.3,-0.0058,120816.0,315387.0,Z19,2019-12-27,67d,40.9,21.7,8.600000000000039,7.800000000000182,36.69999999999995
2019-10-22,1080.7,1086.3,1079.6,1085.2,1085.2,5.9,0.0055,112796.0,315121.0,Z19,2019-12-27,66d,40.8,21.8,7.992857142857182,6.7000000000000455,30.59999999999995
2019-10-24,1087.8,1089.8,1079.2,1082.3,1082.4,-2.8,-0.0026,147192.0,315888.0,Z19,2019-12-27,64d,39.2,21.1,8.378571428571458,10.599999999999909,31.90000000000005
2019-10-25,1081.5,1082.4,1062.8,1064.1,1064.1,-18.3,-0.0169,213176.0,329934.0,Z19,2019-12-27,63d,40.2,21.2,9.221428571428598,19.600000000000136,29.299999999999912
2019-10-28,1060.1,1068.5,1057.5,1067.6,1067.5,3.4,0.0032,173638.0,329348.0,Z19,2019-12-27,60d,38.9,21.2,9.192857142857163,11.0,31.499999999999908
2019-10-29,1069.7,1072.9,1062.8,1064.1,1064.4,-3.1,-0.0029,145914.0,334662.0,Z19,2019-12-27,59d,39.1,20.8,9.36428571428574,10.100000000000136,28.19999999999991
2019-10-30,1065.5,1074.7,1063.2,1074.4,1074.5,10.1,0.0095,162706.0,329348.0,Z19,2019-12-27,58d,36.7,19.1,9.442857142857179,11.5,36.100000000000094
2019-10-31,1076.0,1077.7,1068.0,1068.2,1068.3,-6.2,-0.0058,160766.0,331429.0,Z19,2019-12-27,57d,38.3,19.5,9.278571428571468,9.700000000000045,31.500000000000043
2019-11-01,1070.4,1074.6,1064.5,1067.5,1067.4,-0.9,-0.0008,168304.0,330395.0,Z19,2019-12-27,56d,37.8,19.9,9.392857142857176,10.099999999999909,30.299999999999997
2019-11-04,1073.2,1094.7,1072.6,1093.1,1092.4,25.0,0.0234,234417.0,333411.0,Z19,2019-12-27,53d,37.6,19.5,10.214285714285763,22.100000000000136,30.69999999999991
2019-11-05,1093.8,1097.0,1088.6,1096.8,1096.7,4.3,0.0039,146870.0,333374.0,Z19,2019-12-27,52d,37.0,19.1,10.428571428571493,8.400000000000091,33.799999999999955
2019-11-07,1091.2,1105.5,1088.0,1104.2,1103.4,10.8,0.0099,208769.0,322838.0,Z19,2019-12-27,50d,36.2,17.7,11.328571428571488,17.5,31.999999999999957
2019-11-11,1097.0,1097.5,1090.0,1094.2,1094.0,-8.5,-0.0077,151618.0,301573.0,Z19,2019-12-27,46d,35.2,17.2,11.535714285714334,7.5,29.40000000000005
2019-11-12,1094.3,1100.8,1092.5,1094.0,1094.0,0.0,0.0,141739.0,295725.0,Z19,2019-12-27,45d,35.2,17.0,11.492857142857181,8.299999999999955,29.200000000000003
2019-11-13,1089.5,1093.4,1084.7,1089.0,1088.8,-5.2,-0.0048,165193.0,291879.0,Z19,2019-12-27,44d,35.7,16.5,11.557142857142887,8.700000000000045,24.700000000000003
2019-11-14,1087.2,1092.3,1084.0,1085.3,1085.5,-3.3,-0.0,181230.0,289094.0,Z19,2019-12-27,43d,36.2,16.1,11.671428571428594,8.299999999999955,25.90000000000005
2019-11-15,1087.9,1090.3,1079.0,1083.3,1083.3,-2.2,-0.0,176416.0,281308.0,Z19,2019-12-27,42d,33.9,15.5,11.721428571428598,11.299999999999955,25.600000000000044
2019-11-18,1085.5,1088.0,1080.5,1086.8,1086.7,3.4,0.0031,136922.0,291223.0,Z19,2019-12-27,39d,33.9,15.5,10.857142857142874,7.5,22.100000000000044
2019-11-19,1086.9,1087.3,1079.5,1085.2,1085.3,-1.4,-0.0013,168114.0,296594.0,Z19,2019-12-27,38d,32.7,14.4,10.628571428571442,7.7999999999999545,22.499999999999957
2019-11-20,1077.1,1079.4,1074.5,1074.8,1075.2,-10.1,-0.0093,159613.0,293419.0,Z19,2019-12-27,37d,31.0,13.3,10.257142857142867,4.900000000000091,30.799999999999955
2019-11-21,1071.3,1074.4,1067.3,1073.9,1073.8,-1.4,-0.0013,148045.0,295236.0,Z19,2019-12-27,36d,30.5,12.7,9.942857142857163,7.100000000000136,29.40000000000009
2019-11-22,1074.5,1078.6,1073.0,1076.1,1076.4,2.6,0.0024,123165.0,288350.0,Z19,2019-12-27,35d,30.3,12.2,9.65000000000001,5.599999999999909,29.20000000000009
2019-11-25,1081.0,1089.3,1080.5,1086.0,1086.0,9.6,0.0089,154317.0,279460.0,Z19,2019-12-27,32d,31.1,13.0,9.55714285714287,8.799999999999955,20.1
2019-12-02,1072.1,1072.3,1054.1,1054.3,1055.1,-17.0,-0.0159,221871.0,317558.0,Z19,2019-12-27,25d,24.9,9.2,9.278571428571436,18.200000000000045,20.600000000000044
2019-12-03,1052.0,1058.1,1049.3,1053.9,1053.7,-1.4,-0.0013,178139.0,321284.0,Z19,2019-12-27,24d,24.5,9.3,9.307142857142853,8.799999999999955,20.59999999999991
2019-12-04,1047.6,1057.8,1046.2,1054.8,1054.9,1.2,0.0011,205083.0,304087.0,Z19,2019-12-27,23d,23.9,7.5,8.885714285714275,11.599999999999909,19.100000000000044
2019-12-06,1058.5,1060.5,1046.6,1046.8,1047.5,-7.4,-0.01,169016.0,303221.0,Z19,2019-12-27,21d,21.5,6.5,9.34285714285714,13.900000000000091,18.299999999999955
2019-12-09,1050.0,1050.7,1040.5,1046.8,1046.9,-0.6,-0.0006,162867.0,294677.0,Z19,2019-12-27,18d,20.5,6.1,9.478571428571431,10.200000000000045,17.299999999999955
2019-12-11,1045.4,1052.3,1044.6,1048.6,1048.7,1.8,0.0017,160778.0,299117.0,Z19,2019-12-27,16d,18.2,4.3,9.40714285714286,7.7000000000000455,16.79999999999991
2019-12-12,1053.3,1063.5,1052.5,1059.3,1059.1,10.4,0.0099,174157.0,290186.0,Z19,2019-12-27,15d,19.4,5.0,9.600000000000007,11.0,10.100000000000044
2019-12-13,1070.0,1071.4,1066.6,1069.5,1069.2,10.1,0.0095,143467.0,285171.0,Z19,2019-12-27,14d,17.4,3.5,9.13571428571431,4.800000000000182,11.899999999999999
2019-12-16,1067.3,1068.0,1046.4,1046.8,1046.9,-22.3,-0.0209,210868.0,307037.0,Z19,2019-12-27,11d,16.3,3.0,10.142857142857158,21.59999999999991,13.099999999999955
2019-12-17,1044.5,1053.1,1044.0,1051.6,1051.9,5.0,0.0048,200015.0,292163.0,Z19,2019-12-27,10d,14.5,2.8,10.235714285714298,9.099999999999909,12.900000000000091
2019-12-18,1055.0,1063.6,1054.6,1061.4,1061.4,9.5,0.01,154438.0,278828.0,Z19,2019-12-27,9d,17.2,3.0,10.528571428571436,9.0,5.799999999999908
2019-12-19,1058.0,1073.1,1053.5,1069.8,1069.7,8.3,0.0078,215916.0,274148.0,Z19,2019-12-27,8d,15.9,2.5,11.421428571428562,19.59999999999991,10.699999999999955
2019-12-20,1067.8,1072.2,1060.6,1065.0,1064.9,-4.8,-0.0045,195741.0,270154.0,Z19,2019-12-27,7d,16.3,2.4,11.850000000000007,11.600000000000136,6.300000000000001
2019-12-23,1064.0,1078.9,1064.0,1070.1,1070.3,5.4,0.0051,207146.0,213662.0,Z19,2019-12-27,4d,13.4,1.4,12.285714285714302,14.900000000000091,8.49999999999991
2019-12-24,1069.8,1073.8,1065.2,1066.0,1066.0,-4.3,-0.0,126900.0,167815.0,Z19,2019-12-27,3d,15.6,1.5,11.600000000000007,8.599999999999909,6.6
2019-12-25,1064.2,1070.8,1062.3,1069.6,1069.7,3.7,0.0035,41724.0,107372.0,Z19,2019-12-27,2d,12.5,0.6,11.578571428571438,8.5,7.099999999999909
2019-12-26,1070.0,1073.5,1068.1,1072.9,1073.1,3.4,0.0032,57946.0,63595.0,Z19,2019-12-27,1d,9.0,0.5,11.13571428571431,5.400000000000091,6.900000000000091
2019-12-27,1076.6,1078.0,1063.0,1063.4,1063.71,-9.39,-0.0088,45580.0,48056.0,Z19,2019-12-27,0ms,11.2,0.2,11.214285714285731,15.0,-0.39999999999990976
2020-01-02,1065.2,1079.3,1065.0,1076.7,1076.6,9.7,0.0091,168099.0,253260.0,H20,2020-03-30,88d,43.8,23.7,11.507142857142867,14.299999999999955,42.09999999999995
2020-01-03,1075.0,1081.7,1073.5,1075.4,1075.4,-1.2,-0.0011,174869.0,257169.0,H20,2020-03-30,87d,43.5,23.4,11.542857142857153,8.200000000000045,43.09999999999991
2020-01-06,1070.0,1071.4,1057.6,1058.2,1059.2,-16.2,-0.0151,235446.0,271187.0,H20,2020-03-30,84d,45.0,23.4,11.742857142857165,13.800000000000182,36.799999999999955
2020-01-07,1064.9,1071.8,1059.5,1070.8,1070.9,11.7,0.01,211875.0,265441.0,H20,2020-03-30,83d,41.4,22.1,12.278571428571436,12.299999999999955,37.19999999999995
2020-01-08,1061.1,1063.5,1052.6,1053.6,1054.2,-16.7,-0.0156,243337.0,280512.0,H20,2020-03-30,82d,42.5,22.5,11.514285714285734,10.900000000000091,38.90000000000009
2020-01-09,1064.9,1070.7,1060.9,1068.2,1068.0,13.8,0.0131,199422.0,283440.0,H20,2020-03-30,81d,42.7,22.5,11.564285714285736,9.799999999999955,35.90000000000005
2020-01-10,1067.8,1071.5,1063.6,1068.5,1068.7,0.7,0.0007,155019.0,282880.0,H20,2020-03-30,80d,42.0,21.7,11.485714285714314,7.900000000000091,35.5
2020-01-13,1071.0,1074.5,1068.2,1072.0,1071.8,3.1,0.0029,142138.0,297896.0,H20,2020-03-30,77d,41.9,21.8,10.535714285714318,6.2999999999999545,38.9
2020-01-14,1074.8,1075.0,1065.1,1071.7,1071.8,0.0,0.0,162436.0,302060.0,H20,2020-03-30,76d,40.6,20.9,10.414285714285743,9.900000000000091,37.30000000000005
2020-01-15,1067.5,1069.3,1062.5,1064.4,1064.5,-7.3,-0.0068,152343.0,308214.0,H20,2020-03-30,75d,41.6,21.7,9.835714285714305,6.7999999999999545,31.000000000000092
2020-01-16,1065.6,1075.0,1064.0,1072.6,1072.8,8.3,0.0078,158172.0,305427.0,H20,2020-03-30,74d,40.3,20.2,10.007142857142883,11.0,37.899999999999906
2020-01-17,1076.0,1079.2,1074.3,1077.0,1077.0,4.2,0.0039,119198.0,309023.0,H20,2020-03-30,73d,39.5,19.4,9.750000000000032,4.900000000000091,37.5
2020-01-20,1076.8,1076.8,1068.1,1069.7,1069.9,-7.1,-0.0066,149417.0,309554.0,H20,2020-03-30,70d,39.3,19.3,9.985714285714314,8.700000000000045,34.00000000000004
2020-01-21,1065.5,1068.0,1060.1,1060.4,1060.5,-9.4,-0.0088,175914.0,331458.0,H20,2020-03-30,69d,40.0,19.7,9.478571428571465,7.900000000000091,29.59999999999991
2020-01-22,1062.1,1064.5,1057.1,1060.7,1060.5,0.0,0.0,166388.0,343044.0,H20,2020-03-30,68d,39.8,19.5,8.985714285714332,7.400000000000091,29.09999999999995
2020-01-23,1056.1,1060.3,1054.0,1058.3,1058.5,-2.0,-0.0019,121237.0,338445.0,H20,2020-03-30,67d,37.5,19.0,8.850000000000039,6.2999999999999545,29.200000000000045
2020-01-24,1059.8,1061.7,1054.5,1054.8,1055.3,-3.2,-0.0,110928.0,336979.0,H20,2020-03-30,66d,38.1,18.1,8.378571428571458,7.2000000000000455,33.30000000000005
2020-01-27,1043.0,1044.5,1014.5,1016.7,1017.3,-38.0,-0.04,281482.0,338910.0,H20,2020-03-30,63d,42.9,23.0,9.642857142857176,30.0,34.600000000000044
2020-01-28,1011.6,1025.8,1007.4,1013.8,1013.2,-4.1,-0.0,265040.0,328354.0,H20,2020-03-30,62d,43.8,25.2,10.178571428571454,18.399999999999977,32.59999999999995
2020-01-29,1022.0,1024.5,1011.2,1024.0,1024.1,10.9,0.0108,251165.0,323707.0,H20,2020-03-30,61d,41.6,22.1,10.428571428571454,13.299999999999955,40.6
2020-01-30,1018.0,1021.8,1013.6,1018.8,1018.9,-5.2,-0.0051,188445.0,335807.0,H20,2020-03-30,60d,41.8,23.1,10.450000000000014,8.199999999999932,35.59999999999995
2020-01-31,1023.0,1024.5,1012.4,1012.4,1013.2,-5.7,-0.0056,157117.0,338157.0,H20,2020-03-30,59d,42.5,23.3,10.864285714285732,12.100000000000023,30.100000000000023
2020-02-03,1010.5,1013.4,999.9,1001.6,1001.4,-11.8,-0.0116,234845.0,331594.0,H20,2020-03-30,56d,43.3,20.5,11.121428571428583,13.5,41.699999999999974
2020-02-11,1027.8,1029.8,1016.3,1017.7,1017.7,-5.9,-0.0058,156824.0,337835.0,H20,2020-03-30,48d,38.3,19.5,11.600000000000014,13.5,31.000000000000043
2020-02-12,1019.3,1032.4,1018.1,1028.6,1028.2,10.5,0.0103,185692.0,342849.0,H20,2020-03-30,47d,36.1,18.6,11.835714285714305,14.300000000000068,32.50000000000009
2020-02-13,1026.2,1029.5,1021.6,1024.0,1023.9,-4.3,-0.0042,148066.0,344721.0,H20,2020-03-30,46d,36.3,17.8,12.050000000000011,7.899999999999977,35.3
2020-02-14,1026.5,1028.5,1017.5,1020.0,1019.6,-4.3,-0.0042,144577.0,344939.0,H20,2020-03-30,45d,35.6,17.3,12.214285714285722,11.0,30.6
2020-02-17,1020.8,1022.5,1016.3,1020.3,1020.2,0.6,0.0006,101778.0,341823.0,H20,2020-03-30,42d,34.2,16.1,12.092857142857147,6.2000000000000455,29.499999999999957
2020-02-18,1016.3,1016.4,1008.2,1012.6,1012.5,-7.7,-0.0075,145307.0,351378.0,H20,2020-03-30,41d,35.4,16.7,12.149999999999993,8.199999999999932,23.00000000000002
2020-02-19,1015.1,1017.0,1008.0,1010.7,1010.8,-1.7,-0.0017,156053.0,350449.0,H20,2020-03-30,40d,35.1,16.8,12.34285714285714,9.0,24.399999999999956
2020-02-20,1011.6,1011.9,991.1,995.6,995.9,-14.9,-0.0147,237418.0,361867.0,H20,2020-03-30,39d,34.9,15.3,13.314285714285704,20.799999999999955,30.50000000000002
2020-02-21,989.7,1001.2,987.0,1000.4,1000.8,4.9,0.0049,217697.0,364761.0,H20,2020-03-30,38d,33.1,14.3,12.18571428571428,14.200000000000045,32.700000000000024
2020-02-24,983.8,986.5,951.9,952.6,953.6,-47.2,-0.0472,261317.0,362923.0,H20,2020-03-30,35d,39.7,11.6,13.34285714285714,34.60000000000002,37.09999999999998
2020-02-25,960.0,969.7,950.5,962.0,962.1,8.5,0.0089,306015.0,353046.0,H20,2020-03-30,34d,38.4,20.1,13.764285714285718,19.200000000000045,26.4
2020-02-26,956.0,958.7,913.0,919.7,918.9,-43.2,-0.0449,386888.0,352089.0,H20,2020-03-30,33d,50.3,28.8,16.442857142857154,45.700000000000045,45.00000000000004
2020-02-27,916.0,936.6,906.3,933.8,932.6,13.7,0.0149,363244.0,360092.0,H20,2020-03-30,32d,47.7,29.3,17.742857142857158,30.300000000000068,38.90000000000005
2020-02-28,906.0,910.0,891.2,893.5,894.3,-38.3,-0.0411,376460.0,362243.0,H20,2020-03-30,31d,51.6,33.4,18.121428571428584,18.799999999999955,45.1
2020-03-02,913.4,915.0,881.9,894.7,893.3,-1.0,-0.0011,372443.0,346733.0,H20,2020-03-30,28d,54.2,34.0,19.521428571428583,33.10000000000002,48.90000000000005
2020-03-03,911.0,929.4,906.0,924.3,924.3,31.0,0.0347,294739.0,333877.0,H20,2020-03-30,27d,46.9,27.4,20.171428571428578,23.399999999999977,46.19999999999995
2020-03-04,917.0,928.3,914.6,927.5,927.4,3.1,0.0034,257263.0,325010.0,H20,2020-03-30,26d,42.6,24.7,20.58571428571429,13.699999999999932,40.1
2020-03-05,934.3,946.2,931.2,931.6,931.8,4.4,0.0047,268653.0,326535.0,H20,2020-03-30,25d,39.5,20.5,20.871428571428574,15.0,32.89999999999998
2020-03-06,918.0,919.5,908.0,914.6,913.7,-18.1,-0.0194,244721.0,318940.0,H20,2020-03-30,24d,38.1,21.6,21.25,11.5,27.700000000000024
2020-03-10,837.0,849.7,827.7,843.7,843.3,13.5,0.0163,348825.0,305917.0,H20,2020-03-30,20d,60.9,39.6,22.23571428571429,22.0,54.600000000000044
2020-03-11,834.0,845.3,811.5,821.7,821.6,-21.7,-0.0257,373154.0,318922.0,H20,2020-03-30,19d,56.0,35.8,24.00714285714286,33.799999999999955,52.700000000000045
2020-03-13,670.0,779.9,623.0,747.0,745.2,22.6,0.0313,630128.0,308817.0,H20,2020-03-30,17d,74.0,55.4,33.728571428571435,156.89999999999998,71.0
2020-03-16,675.4,728.0,675.4,682.0,681.3,-63.9,-0.0857,397063.0,325620.0,H20,2020-03-30,14d,89.6,66.0,36.471428571428575,52.60000000000002,82.6
2020-03-17,689.9,710.0,673.6,674.0,676.5,-4.8,-0.01,407706.0,320011.0,H20,2020-03-30,13d,84.5,59.5,36.6,36.39999999999998,83.5
2020-03-18,688.1,714.0,671.0,692.9,692.6,16.1,0.0238,386356.0,301732.0,H20,2020-03-30,12d,73.0,49.0,38.3,43.0,65.89999999999998
2020-03-19,674.5,696.0,661.1,688.0,688.5,-4.1,-0.0059,296199.0,275283.0,H20,2020-03-30,11d,61.9,41.5,37.52857142857142,34.89999999999998,49.9
2020-03-20,716.0,762.0,708.0,760.5,757.4,68.9,0.1001,305880.0,247282.0,H20,2020-03-30,10d,53.0,33.6,39.221428571428554,54.0,42.5
2020-03-23,689.0,710.0,670.1,671.0,672.0,-85.4,-0.1128,254320.0,263319.0,H20,2020-03-30,7d,53.5,30.0,40.72857142857141,39.89999999999998,49.5
2020-03-24,715.1,719.0,677.8,698.3,696.1,24.1,0.0359,269421.0,240328.0,H20,2020-03-30,6d,50.5,33.8,41.30714285714284,41.200000000000045,48.799999999999955
2020-03-25,723.4,744.2,701.8,723.6,723.9,27.8,0.0399,296762.0,205875.0,H20,2020-03-30,5d,38.0,22.7,42.66428571428571,42.40000000000009,36.60000000000002
2020-03-26,717.0,743.5,715.3,737.9,737.7,13.8,0.0191,221101.0,171435.0,H20,2020-03-30,4d,35.5,15.5,43.7,28.200000000000045,23.399999999999977
2020-03-27,755.0,761.5,728.6,738.6,739.4,1.7,0.0023,137274.0,97972.0,H20,2020-03-30,3d,31.0,11.3,44.978571428571435,32.89999999999998,19.600000000000023
2020-03-30,730.1,733.7,717.0,731.3,731.35,-8.05,-0.0109,67923.0,57820.0,H20,2020-03-30,0ms,6.8,0.4,45.35000000000001,16.700000000000045,0.5000000000000453
2020-04-01,736.0,749.5,728.0,730.9,731.1,-11.8,-0.0159,219356.0,262421.0,M20,2020-06-29,89d,145.0,117.0,45.314285714285724,21.5,139.10000000000002
2020-04-02,735.5,764.5,730.4,758.0,757.8,26.7,0.0365,230326.0,261833.0,M20,2020-06-29,88d,139.5,117.7,45.335714285714296,34.10000000000002,131.5
2020-04-03,767.0,770.5,748.8,763.2,761.7,3.9,0.0051,207737.0,263478.0,M20,2020-06-29,87d,140.3,117.2,35.678571428571445,21.700000000000045,128.50000000000006
2020-04-07,809.0,824.9,784.2,822.9,822.2,60.5,0.0794,290765.0,235075.0,M20,2020-06-29,83d,158.7,131.1,34.828571428571436,40.69999999999993,156.59999999999997
2020-04-08,811.2,813.9,797.6,813.0,812.5,-9.7,-0.0118,233669.0,224913.0,M20,2020-06-29,82d,150.0,129.0,33.39285714285715,16.299999999999955,138.0
2020-04-09,817.0,839.5,805.0,813.8,813.9,1.4,0.0017,254799.0,209773.0,M20,2020-06-29,81d,149.7,125.5,32.78571428571429,34.5,138.49999999999994
2020-04-10,809.0,827.8,802.3,827.0,826.3,12.4,0.0152,156191.0,204571.0,M20,2020-06-29,80d,145.0,123.0,32.11428571428572,25.5,143.0
2020-04-13,822.0,830.3,815.8,827.7,827.2,0.9,0.0011,139613.0,210271.0,M20,2020-06-29,77d,138.0,116.5,29.29285714285715,14.5,135.29999999999995
2020-04-14,837.0,850.6,830.6,841.3,841.1,13.9,0.0168,186333.0,213138.0,M20,2020-06-29,76d,130.6,110.8,27.871428571428584,20.0,121.89999999999995
2020-04-15,833.0,843.0,821.5,823.6,824.0,-17.1,-0.0203,199248.0,222965.0,M20,2020-06-29,75d,132.8,112.0,26.464285714285722,21.5,131.40000000000003
2020-04-16,821.0,823.0,796.5,796.5,797.7,-26.3,-0.0319,198729.0,218942.0,M20,2020-06-29,74d,133.9,111.4,25.32857142857143,26.5,130.4
2020-04-17,820.0,835.2,811.9,834.9,834.6,36.9,0.0463,206063.0,220171.0,M20,2020-06-29,73d,133.1,113.0,24.97857142857143,23.300000000000068,123.20000000000002
2020-04-20,834.5,859.2,826.1,850.5,850.9,16.3,0.0195,209250.0,226545.0,M20,2020-06-29,70d,119.3,97.0,24.99285714285715,33.10000000000002,118.8
2020-04-21,832.2,846.0,831.6,835.0,835.5,-15.4,-0.0181,179115.0,238044.0,M20,2020-06-29,69d,124.4,105.3,24.82857142857143,14.399999999999977,114.4
2020-04-22,825.5,847.9,821.1,841.0,841.4,5.9,0.0071,200046.0,228577.0,M20,2020-06-29,68d,118.0,99.5,25.207142857142856,26.799999999999955,109.0
2020-04-23,841.0,853.0,838.1,850.8,850.6,9.2,0.0109,155205.0,232334.0,M20,2020-06-29,67d,113.2,94.4,23.835714285714282,14.899999999999977,112.40000000000005
2020-04-24,847.5,853.7,832.5,840.8,840.5,-10.1,-0.0119,177033.0,239139.0,M20,2020-06-29,66d,114.0,94.0,23.799999999999994,21.200000000000045,104.79999999999995
2020-04-27,850.0,850.0,839.3,846.0,845.5,5.0,0.0059,120203.0,235645.0,M20,2020-06-29,63d,114.0,90.8,21.657142857142862,10.700000000000045,110.0
2020-04-28,842.0,858.8,841.0,854.9,854.4,8.9,0.0105,166402.0,233930.0,M20,2020-06-29,62d,110.7,89.9,21.764285714285716,17.799999999999955,105.80000000000003
2020-04-29,856.4,859.9,851.6,857.3,857.7,3.3,0.0039,115505.0,237717.0,M20,2020-06-29,61d,110.9,89.2,19.892857142857142,8.299999999999955,103.60000000000005
2020-04-30,869.7,873.4,862.2,873.2,872.5,14.8,0.0173,116023.0,240091.0,M20,2020-06-29,60d,104.0,83.4,18.871428571428567,11.199999999999932,102.20000000000005
2020-05-05,860.0,860.7,851.7,853.0,853.3,-19.2,-0.02,118531.0,244374.0,M20,2020-06-29,55d,101.2,80.9,18.478571428571424,9.0,98.2
2020-05-07,848.9,851.9,834.2,841.6,841.9,-11.4,-0.0134,147468.0,241066.0,M20,2020-06-29,53d,90.0,68.8,18.314285714285706,17.699999999999932,81.60000000000002
2020-05-08,844.6,847.0,837.5,845.3,845.3,3.4,0.0,107920.0,246199.0,M20,2020-06-29,52d,85.0,63.8,17.45714285714285,9.5,80.29999999999995
2020-05-11,852.0,865.8,851.5,860.2,859.4,14.1,0.0167,137010.0,244756.0,M20,2020-06-29,49d,80.0,58.4,16.58571428571427,14.299999999999955,69.79999999999995
2020-05-12,855.0,871.4,854.7,868.2,867.6,8.2,0.0095,119251.0,251271.0,M20,2020-06-29,48d,72.5,52.3,16.114285714285693,16.699999999999932,65.70000000000005
2020-05-13,863.6,869.8,861.0,863.6,864.0,-3.6,-0.0041,119610.0,255120.0,M20,2020-06-29,47d,70.9,48.5,14.378571428571401,8.799999999999955,59.50000000000003
2020-05-14,854.0,857.6,847.2,855.0,855.1,-8.9,-0.0103,134690.0,256832.0,M20,2020-06-29,46d,66.3,46.5,14.092857142857115,10.399999999999977,61.3
2020-05-15,857.0,858.7,845.0,845.2,846.1,-9.0,-0.0105,118713.0,256937.0,M20,2020-06-29,45d,61.5,41.1,13.157142857142835,13.700000000000045,56.700000000000045
2020-05-18,853.5,865.5,853.5,858.9,858.5,12.4,0.0147,126320.0,239330.0,M20,2020-06-29,42d,60.4,40.1,12.94999999999998,12.0,51.50000000000002
2020-05-19,876.0,881.0,872.0,875.5,875.2,16.7,0.0195,139039.0,229141.0,M20,2020-06-29,41d,58.8,38.5,12.078571428571406,9.0,58.3
2020-05-20,874.8,883.5,870.1,883.3,882.8,7.6,0.0087,100304.0,236209.0,M20,2020-06-29,40d,60.1,39.0,12.271428571428544,13.399999999999977,51.80000000000005
2020-05-21,880.1,886.8,875.3,878.4,878.6,-4.2,-0.0048,105767.0,234665.0,M20,2020-06-29,39d,60.5,38.3,11.821428571428546,11.5,57.10000000000002
2020-05-22,871.1,872.8,852.8,860.0,861.5,-17.1,-0.0195,169474.0,239216.0,M20,2020-06-29,38d,61.9,40.7,12.657142857142835,20.0,51.9
2020-05-25,865.0,878.8,863.2,877.6,876.2,14.7,0.0171,106369.0,235472.0,M20,2020-06-29,35d,56.0,36.9,12.971428571428548,15.599999999999909,53.39999999999998
2020-05-26,884.4,894.9,884.1,886.9,886.8,10.6,0.0121,120561.0,234176.0,M20,2020-06-29,34d,60.1,37.6,13.099999999999975,10.799999999999955,48.200000000000024
2020-05-27,886.0,895.1,878.5,894.9,894.8,8.0,0.01,137395.0,240507.0,M20,2020-06-29,33d,55.2,34.8,13.021428571428553,16.600000000000023,50.09999999999998
2020-05-28,902.9,903.5,881.5,881.6,882.4,-12.4,-0.0139,165715.0,240511.0,M20,2020-06-29,32d,60.6,39.5,13.914285714285695,22.0,53.99999999999998
2020-05-29,882.0,893.1,877.0,892.4,892.4,10.0,0.0113,147874.0,240130.0,M20,2020-06-29,31d,56.6,37.0,14.042857142857128,16.100000000000023,48.99999999999998
2020-06-01,902.0,908.9,895.2,899.7,900.5,8.1,0.0091,137887.0,234971.0,M20,2020-06-29,28d,56.6,38.5,13.828571428571413,13.699999999999932,56.30000000000005
2020-06-02,904.0,919.5,903.0,919.0,918.5,18.0,0.02,114809.0,232281.0,M20,2020-06-29,27d,53.2,34.0,14.378571428571417,16.5,47.2
2020-06-04,932.0,948.8,931.3,947.7,945.8,27.3,0.0297,167614.0,218545.0,M20,2020-06-29,25d,53.6,42.3,14.885714285714275,17.5,51.30000000000005
2020-06-05,948.0,968.4,940.0,962.6,962.2,16.4,0.0173,161007.0,208330.0,M20,2020-06-29,24d,50.1,29.0,15.93571428571427,28.399999999999977,37.700000000000024
2020-06-08,970.0,977.9,957.1,963.7,964.1,1.9,0.0,159440.0,206753.0,M20,2020-06-29,21d,48.3,29.0,16.564285714285695,20.799999999999955,37.00000000000004
2020-06-09,964.5,969.7,935.7,938.0,939.3,-24.8,-0.0257,202413.0,201676.0,M20,2020-06-29,20d,47.8,38.9,18.349999999999984,34.0,35.8
2020-06-10,946.0,954.5,938.0,950.7,950.6,11.3,0.01,173968.0,200259.0,M20,2020-06-29,19d,45.4,34.9,18.571428571428555,16.5,44.69999999999995
2020-06-11,943.0,948.8,922.2,931.1,931.1,-19.5,-0.0205,186938.0,188002.0,M20,2020-06-29,18d,44.8,25.9,19.649999999999977,26.59999999999991,38.699999999999974
2020-06-12,913.2,920.6,903.0,916.6,917.1,-14.0,-0.02,176183.0,192650.0,M20,2020-06-29,17d,54.0,35.3,19.478571428571406,17.600000000000023,45.60000000000002
2020-06-15,908.0,912.4,884.3,891.6,891.7,-25.4,-0.0277,184052.0,195900.0,M20,2020-06-29,14d,51.8,32.9,20.37142857142856,28.100000000000023,43.40000000000002
2020-06-16,918.0,919.4,903.8,912.4,912.2,20.5,0.02,154722.0,190868.0,M20,2020-06-29,13d,48.0,22.3,20.714285714285705,15.600000000000023,35.60000000000002
2020-06-17,906.0,916.5,901.0,909.1,908.6,-3.6,-0.0039,174607.0,203349.0,M20,2020-06-29,12d,40.7,20.4,20.635714285714275,15.5,31.59999999999998
2020-06-18,895.0,913.8,893.0,909.2,909.4,0.8,0.0009,144926.0,202374.0,M20,2020-06-29,11d,37.3,18.0,20.549999999999986,20.799999999999955,28.09999999999995
2020-06-19,910.5,913.1,903.2,910.2,910.0,0.6,0.0007,117855.0,198163.0,M20,2020-06-29,10d,33.9,15.0,20.10714285714284,9.899999999999977,23.699999999999953
2020-06-22,902.0,903.6,890.2,897.0,896.8,-13.2,-0.0145,130194.0,196844.0,M20,2020-06-29,7d,29.3,10.5,20.08571428571427,13.399999999999977,26.3
2020-06-23,896.6,900.8,893.2,896.6,896.8,0.0,0.0,100486.0,186305.0,M20,2020-06-29,6d,24.9,7.0,19.44999999999998,7.599999999999909,21.50000000000002
2020-06-24,899.0,902.7,877.1,877.1,878.9,-17.9,-0.02,169755.0,190212.0,M20,2020-06-29,5d,24.6,8.0,20.02857142857141,25.600000000000023,22.49999999999998
2020-06-25,871.0,875.9,855.5,871.5,871.6,-7.3,-0.0083,181584.0,135561.0,M20,2020-06-29,4d,20.9,4.9,19.457142857142838,20.399999999999977,17.4
2020-06-26,875.0,885.2,873.0,878.5,878.4,6.8,0.0078,131527.0,62289.0,M20,2020-06-29,3d,16.2,2.3,18.84285714285713,12.200000000000045,12.7
2020-06-29,874.0,876.5,862.6,875.1,875.35,-3.05,-0.0035,50159.0,30327.0,M20,2020-06-29,0ms,1.6,0.3,17.407142857142844,13.899999999999977,1.4999999999999774
2020-07-01,880.0,887.3,870.3,884.5,884.5,7.9,0.01,151001.0,244434.0,U20,2020-09-29,90d,98.2,76.2,17.44285714285713,17.0,88.7
2020-07-02,893.0,909.5,890.0,909.2,908.5,24.0,0.0271,163134.0,224005.0,U20,2020-09-29,89d,93.0,72.0,16.93571428571428,19.5,83.79999999999995
2020-07-03,906.0,911.0,902.0,902.8,903.1,-5.4,-0.0059,109117.0,215149.0,U20,2020-09-29,88d,94.4,73.3,16.321428571428562,9.0,91.60000000000005
2020-07-07,915.0,917.0,899.6,900.0,900.1,-3.0,-0.0033,128600.0,218141.0,U20,2020-09-29,84d,89.8,68.1,15.557142857142846,17.399999999999977,89.8
2020-07-08,900.0,906.9,890.0,892.6,892.5,-7.6,-0.0084,172974.0,214442.0,U20,2020-09-29,83d,87.7,65.5,15.649999999999986,16.899999999999977,80.30000000000003
2020-07-09,894.0,900.0,886.9,898.1,897.2,4.7,0.0053,136617.0,214063.0,U20,2020-09-29,82d,86.0,64.3,15.478571428571415,13.100000000000023,84.10000000000002
2020-07-10,888.8,889.8,874.3,880.5,880.8,-16.4,-0.0183,163515.0,232373.0,U20,2020-09-29,81d,89.9,66.8,15.09999999999999,15.5,84.4
2020-07-13,889.0,889.8,870.3,874.5,874.6,-6.2,-0.01,157446.0,236808.0,U20,2020-09-29,78d,84.9,63.1,15.785714285714278,19.5,84.4
2020-07-14,866.5,876.3,861.7,871.9,872.2,-2.4,-0.0027,166447.0,240450.0,U20,2020-09-29,77d,83.0,62.2,15.871428571428558,14.599999999999909,79.89999999999998
2020-07-15,880.0,886.7,876.0,885.3,884.7,12.5,0.0143,133737.0,243998.0,U20,2020-09-29,76d,84.8,63.5,16.092857142857138,10.700000000000045,74.50000000000004
2020-07-16,879.9,884.4,873.2,879.5,879.5,-5.2,-0.0059,134865.0,242299.0,U20,2020-09-29,75d,80.4,58.6,15.064285714285704,11.199999999999932,75.9
2020-07-17,883.0,889.8,878.5,889.5,888.4,8.9,0.0101,127106.0,247037.0,U20,2020-09-29,74d,77.7,56.3,14.414285714285702,11.299999999999955,67.2
2020-07-20,884.7,894.5,881.6,885.0,885.6,-2.8,-0.0032,141709.0,244240.0,U20,2020-09-29,71d,77.0,55.4,14.464285714285698,12.899999999999977,67.0
2020-07-21,891.3,903.2,891.2,902.6,902.4,16.8,0.02,139183.0,246841.0,U20,2020-09-29,70d,73.0,52.5,14.328571428571413,12.0,70.39999999999998
2020-07-22,902.9,904.7,882.5,883.0,883.8,-18.6,-0.0206,183555.0,250317.0,U20,2020-09-29,69d,77.0,53.5,14.699999999999989,22.200000000000045,69.0
2020-07-23,885.6,889.4,878.0,884.9,884.8,1.0,0.0011,159542.0,245425.0,U20,2020-09-29,68d,71.6,51.5,14.121428571428558,11.399999999999977,61.70000000000002
2020-07-24,874.6,876.4,865.4,872.6,872.4,-12.4,-0.01,148082.0,253620.0,U20,2020-09-29,67d,70.9,49.8,14.264285714285702,11.0,68.50000000000003
2020-07-29,871.1,876.2,866.0,869.4,869.3,-3.1,-0.0036,139684.0,262605.0,U20,2020-09-29,62d,66.8,46.9,13.749999999999991,10.200000000000045,61.199999999999974
2020-07-30,870.5,873.7,845.6,845.8,847.5,-21.8,-0.0251,179756.0,276297.0,U20,2020-09-29,61d,70.1,47.5,14.549999999999995,28.100000000000023,65.89999999999995
2020-07-31,848.0,856.4,839.9,853.6,853.7,6.2,0.0073,175027.0,274892.0,U20,2020-09-29,60d,67.0,46.2,14.792857142857136,16.5,63.39999999999998
2020-08-03,852.6,854.6,841.0,847.7,847.9,-5.8,-0.0068,180630.0,286192.0,U20,2020-09-29,57d,66.2,45.0,14.657142857142853,13.600000000000023,63.90000000000005
2020-08-04,853.0,859.9,850.7,855.0,855.2,7.3,0.0086,140865.0,277389.0,U20,2020-09-29,56d,66.4,45.2,13.921428571428562,9.199999999999932,61.400000000000006
2020-08-05,855.5,865.0,849.5,860.3,859.4,4.2,0.0049,195555.0,260716.0,U20,2020-09-29,55d,63.4,43.7,13.985714285714282,15.5,53.100000000000044
2020-08-06,856.4,865.5,855.0,856.6,856.8,-2.6,-0.0,138953.0,266349.0,U20,2020-09-29,54d,64.0,43.1,13.971428571428564,10.5,57.39999999999998
2020-08-07,855.0,857.3,846.6,851.4,851.2,-5.6,-0.0065,159775.0,273997.0,U20,2020-09-29,53d,63.0,40.9,13.93571428571428,10.699999999999932,61.60000000000002
2020-08-10,852.5,853.5,847.1,849.6,849.6,-1.6,-0.0019,98289.0,273558.0,U20,2020-09-29,50d,61.1,40.5,13.58571428571428,6.399999999999977,60.700000000000024
2020-08-11,859.1,864.7,856.4,861.6,860.9,11.3,0.0133,140749.0,280238.0,U20,2020-09-29,49d,60.5,38.9,13.257142857142858,8.300000000000068,48.89999999999998
2020-08-13,868.5,875.5,867.3,874.0,873.9,13.0,0.0151,128285.0,285055.0,U20,2020-09-29,47d,55.2,33.7,12.985714285714291,8.200000000000045,54.2
2020-08-14,874.0,874.7,854.0,855.8,856.8,-17.1,-0.0196,188126.0,295113.0,U20,2020-09-29,46d,56.3,34.9,12.878571428571433,20.700000000000045,50.50000000000004
2020-08-17,861.9,862.5,851.3,854.4,855.1,-1.7,-0.0,147103.0,289176.0,U20,2020-09-29,43d,55.0,33.4,12.864285714285725,11.200000000000045,50.60000000000002
2020-08-18,852.5,866.1,851.9,865.9,865.8,10.7,0.0125,150329.0,298579.0,U20,2020-09-29,42d,48.5,27.6,13.092857142857156,14.200000000000045,39.39999999999998
2020-08-19,866.0,867.0,841.4,845.5,845.8,-20.0,-0.0231,205806.0,301755.0,U20,2020-09-29,41d,46.6,27.0,14.192857142857154,25.600000000000023,42.1
2020-08-20,835.6,840.8,831.6,836.0,836.0,-9.8,-0.0116,191281.0,306140.0,U20,2020-09-29,40d,50.4,30.0,12.842857142857147,9.199999999999932,39.4
2020-08-21,838.8,842.9,833.6,836.6,836.9,0.9,0.0011,143603.0,303391.0,U20,2020-09-29,39d,50.1,29.3,12.328571428571431,9.299999999999955,38.49999999999998
2020-08-24,842.9,851.0,836.2,850.4,849.3,12.4,0.0148,165940.0,310961.0,U20,2020-09-29,36d,46.3,25.7,12.414285714285711,14.799999999999955,45.90000000000002
2020-08-25,853.5,858.9,849.0,850.3,850.5,1.2,0.0014,133952.0,318245.0,U20,2020-09-29,35d,43.7,24.2,12.464285714285714,9.899999999999977,43.40000000000005
2020-08-26,850.0,855.3,845.1,854.4,854.0,3.5,0.0041,173588.0,329341.0,U20,2020-09-29,34d,42.5,22.4,12.08571428571428,10.199999999999932,38.10000000000002
2020-08-27,852.4,858.0,849.7,856.0,855.8,1.8,0.0021,140028.0,336076.0,U20,2020-09-29,33d,41.7,21.7,11.92857142857142,8.299999999999955,35.7
2020-08-28,862.0,864.5,848.0,850.1,850.7,-5.1,-0.01,186420.0,345491.0,U20,2020-09-29,32d,39.7,19.7,12.34285714285714,16.5,39.59999999999998
2020-08-31,855.3,858.7,841.0,841.1,841.9,-8.8,-0.0103,183000.0,353456.0,U20,2020-09-29,29d,37.5,17.9,13.150000000000002,17.700000000000045,28.600000000000023
2020-09-01,841.7,846.5,835.0,839.7,839.9,-2.0,-0.0024,197416.0,350831.0,U20,2020-09-29,28d,35.4,16.7,13.378571428571425,11.5,25.100000000000044
2020-09-02,839.7,846.7,833.6,846.3,845.7,5.8,0.0069,167453.0,342939.0,U20,2020-09-29,27d,34.1,14.8,13.728571428571424,13.100000000000023,30.399999999999956
2020-09-03,850.9,851.3,838.4,844.0,843.7,-2.0,-0.0024,182523.0,346459.0,U20,2020-09-29,26d,33.5,14.1,13.171428571428562,12.899999999999977,27.5
2020-09-08,836.7,838.3,829.4,830.6,831.2,-12.5,-0.0148,172963.0,342183.0,U20,2020-09-29,21d,31.3,13.6,13.007142857142842,8.899999999999977,25.699999999999978
2020-09-09,821.0,831.9,818.1,831.5,831.5,0.3,0.0004,174634.0,345837.0,U20,2020-09-29,20d,29.3,11.7,12.978571428571408,13.799999999999955,22.8
2020-09-10,830.0,833.4,824.3,829.0,828.8,-2.7,-0.0032,146296.0,347169.0,U20,2020-09-29,19d,27.1,10.7,11.79999999999998,9.100000000000023,23.1
2020-09-11,828.0,832.9,821.6,823.0,823.2,-5.6,-0.0068,161832.0,346553.0,U20,2020-09-29,18d,27.4,10.5,11.94999999999998,11.299999999999955,25.4
2020-09-14,828.0,829.0,817.0,818.0,818.3,-4.9,-0.01,158942.0,346507.0,U20,2020-09-29,15d,26.6,8.9,12.142857142857126,12.0,19.6
2020-09-15,818.5,827.7,818.1,827.0,826.7,8.4,0.0103,173174.0,348423.0,U20,2020-09-29,14d,23.4,7.6,11.77142857142856,9.600000000000023,21.4
2020-09-16,827.0,831.7,823.5,830.6,830.3,3.6,0.0044,126856.0,343625.0,U20,2020-09-29,13d,21.3,6.8,11.649999999999993,8.200000000000045,15.699999999999978
2020-09-17,825.0,827.8,820.6,826.2,826.0,-4.3,-0.0052,145060.0,345201.0,U20,2020-09-29,12d,19.6,5.3,11.43571428571428,7.199999999999932,18.399999999999956
2020-09-18,827.6,829.1,820.7,829.0,828.7,2.7,0.0033,155461.0,333782.0,U20,2020-09-29,11d,18.7,5.1,11.442857142857138,8.399999999999977,14.7
2020-09-21,828.0,829.9,814.5,815.5,815.9,-12.8,-0.0154,166425.0,331138.0,U20,2020-09-29,8d,18.0,4.5,11.364285714285709,15.399999999999977,8.5
2020-09-22,811.4,813.8,804.5,809.0,809.2,-6.7,-0.0082,176362.0,316039.0,U20,2020-09-29,7d,17.3,3.2,10.764285714285702,9.299999999999955,8.3
2020-09-23,807.5,809.1,800.6,801.7,801.5,-7.7,-0.0095,141124.0,310199.0,U20,2020-09-29,6d,14.7,2.5,10.549999999999986,8.5,12.999999999999954
2020-09-24,793.2,794.8,781.7,784.6,785.3,-16.2,-0.0202,201969.0,307800.0,U20,2020-09-29,5d,21.5,5.0,10.54999999999998,13.099999999999909,11.899999999999977
2020-09-25,787.9,791.2,782.2,784.1,784.0,-1.3,-0.0017,232179.0,266103.0,U20,2020-09-29,4d,16.0,2.3,10.271428571428553,9.0,6.899999999999977
2020-09-28,790.5,800.8,789.2,799.7,798.8,14.8,0.0189,196131.0,95151.0,U20,2020-09-29,1d,7.6,0.6,10.46428571428569,11.599999999999909,7.300000000000045
2020-09-30,796.9,797.0,777.7,778.4,778.6,-15.3,-0.0193,205170.0,388233.0,Z20,2020-12-29,90d,55.8,34.4,10.857142857142833,19.299999999999955,52.40000000000002
2020-10-01,783.3,787.2,775.0,785.8,785.6,7.0,0.01,180892.0,390078.0,Z20,2020-12-29,89d,57.2,35.9,11.078571428571406,12.200000000000045,46.40000000000005
2020-10-02,781.9,782.0,770.3,776.1,775.9,-9.7,-0.0123,215726.0,389305.0,Z20,2020-12-29,88d,54.4,32.9,11.107142857142842,11.700000000000045,53.299999999999976
2020-10-05,781.7,782.0,775.5,780.5,780.1,4.2,0.0054,129824.0,393194.0,Z20,2020-12-29,85d,51.8,31.8,10.714285714285698,6.5,46.3
2020-10-06,784.2,786.8,781.5,784.0,784.5,4.4,0.0056,153471.0,405570.0,Z20,2020-12-29,84d,51.1,30.4,10.407142857142835,5.2999999999999545,42.1
2020-10-07,780.8,795.7,778.5,794.0,793.7,9.2,0.0117,189216.0,410703.0,Z20,2020-12-29,83d,49.6,29.8,11.04999999999998,17.200000000000045,43.6
2020-10-08,796.9,808.9,795.8,804.8,804.6,10.9,0.0137,184215.0,399373.0,Z20,2020-12-29,82d,46.7,26.9,11.471428571428557,13.100000000000023,41.90000000000005
2020-10-09,805.4,806.0,793.7,799.0,799.1,-5.5,-0.0068,163425.0,406477.0,Z20,2020-12-29,81d,46.4,25.9,11.749999999999984,12.299999999999955,45.4
2020-10-12,800.0,804.9,795.6,803.6,803.7,4.6,0.0058,158260.0,400769.0,Z20,2020-12-29,78d,45.3,25.4,11.314285714285697,9.299999999999955,41.699999999999974
2020-10-15,784.7,787.0,779.7,780.8,780.9,-12.9,-0.0163,168269.0,395066.0,Z20,2020-12-29,75d,46.0,25.7,11.171428571428553,7.2999999999999545,40.200000000000045
2020-10-16,783.1,784.2,771.1,776.2,776.1,-4.8,-0.0061,197636.0,401492.0,Z20,2020-12-29,74d,44.8,24.8,11.499999999999984,13.100000000000023,43.59999999999995
2020-10-19,770.3,771.7,757.5,759.2,759.3,-16.8,-0.0216,215008.0,404798.0,Z20,2020-12-29,71d,46.2,26.2,11.578571428571422,14.200000000000045,36.99999999999996
2020-10-20,760.2,764.8,753.8,757.4,757.8,-1.5,-0.0,219934.0,412153.0,Z20,2020-12-29,70d,46.0,26.4,11.721428571428564,11.0,38.60000000000002
2020-10-21,760.9,764.3,758.2,762.2,762.8,5.0,0.0066,179073.0,405581.0,Z20,2020-12-29,69d,46.5,26.8,11.328571428571422,6.099999999999909,34.299999999999955
2020-10-22,759.1,770.0,755.5,762.7,762.7,-0.1,-0.0001,245741.0,402635.0,Z20,2020-12-29,68d,45.3,24.9,10.985714285714282,14.5,33.00000000000004
2020-10-26,757.1,761.3,753.0,754.8,755.6,-7.1,-0.0093,172179.0,400355.0,Z20,2020-12-29,64d,41.0,22.8,10.707142857142847,8.299999999999955,36.200000000000045
2020-10-27,750.1,757.7,746.2,755.1,755.3,-0.3,-0.0004,214928.0,411916.0,Z20,2020-12-29,63d,41.0,20.3,10.69285714285713,11.5,35.89999999999998
2020-10-28,751.5,760.4,751.2,752.5,752.8,-2.5,-0.0033,191954.0,418152.0,Z20,2020-12-29,62d,40.6,20.8,10.885714285714268,9.199999999999932,38.1
2020-10-29,748.4,751.7,745.3,749.8,749.8,-3.0,-0.0,203636.0,413024.0,Z20,2020-12-29,61d,38.6,20.1,10.964285714285706,6.400000000000091,38.399999999999956
2020-10-30,747.5,749.3,734.6,744.0,744.1,-5.7,-0.0076,233163.0,423067.0,Z20,2020-12-29,60d,39.0,19.8,10.785714285714269,14.699999999999932,33.0
2020-11-02,744.5,748.9,740.1,748.2,748.1,4.0,0.0054,171904.0,422309.0,Z20,2020-12-29,57d,37.5,19.8,10.478571428571408,8.799999999999955,35.700000000000045
2020-11-03,754.0,765.1,753.2,765.0,764.6,16.5,0.0221,189606.0,408988.0,Z20,2020-12-29,56d,34.6,17.2,10.44999999999998,11.899999999999977,24.6
2020-11-04,760.1,769.0,756.1,762.3,762.4,-2.2,-0.0029,269379.0,406278.0,Z20,2020-12-29,55d,36.9,18.3,10.70714285714284,12.899999999999977,24.600000000000044
2020-11-05,769.0,801.0,767.1,800.7,800.2,37.8,0.0496,368421.0,411745.0,Z20,2020-12-29,54d,37.6,17.5,12.607142857142842,33.89999999999998,36.899999999999956
2020-11-06,800.0,805.0,787.1,795.2,795.2,-5.0,-0.0062,288734.0,405625.0,Z20,2020-12-29,53d,40.8,23.3,12.94999999999998,17.899999999999977,36.00000000000004
2020-11-09,810.1,828.0,808.5,820.0,819.6,24.4,0.0307,328206.0,399415.0,Z20,2020-12-29,50d,43.1,24.7,13.328571428571406,19.5,38.1
2020-11-10,839.0,880.4,838.5,878.2,877.3,57.7,0.0704,436471.0,360485.0,Z20,2020-12-29,49d,67.3,46.9,15.535714285714262,41.89999999999998,64.09999999999995
2020-11-11,896.0,903.4,865.8,878.2,877.8,0.5,0.0006,378107.0,351645.0,Z20,2020-12-29,48d,71.7,51.0,17.78571428571427,37.60000000000002,68.49999999999996
2020-11-12,870.5,874.7,859.4,866.5,866.1,-11.7,-0.0133,266860.0,359262.0,Z20,2020-12-29,47d,67.0,45.3,17.84285714285713,15.300000000000068,58.5
2020-11-13,859.0,881.9,856.5,877.4,877.5,11.4,0.0132,310933.0,358243.0,Z20,2020-12-29,46d,62.5,41.3,19.064285714285706,25.399999999999977,60.10000000000002
2020-11-16,890.0,893.7,876.0,878.9,879.2,1.7,0.0019,206659.0,359769.0,Z20,2020-12-29,43d,55.5,35.7,19.50714285714285,17.700000000000045,51.60000000000002
2020-11-17,879.0,888.0,870.6,876.4,876.7,-2.5,-0.0028,257957.0,343850.0,Z20,2020-12-29,42d,48.5,28.8,20.092857142857138,17.399999999999977,47.10000000000002
2020-11-18,872.1,900.0,869.2,896.2,893.6,16.9,0.0193,272997.0,348085.0,Z20,2020-12-29,41d,47.1,28.1,21.83571428571427,30.799999999999955,43.30000000000005
2020-11-19,887.0,894.8,885.0,889.6,889.8,-3.8,-0.0043,240459.0,351613.0,Z20,2020-12-29,40d,44.3,27.3,21.485714285714273,9.799999999999955,33.90000000000002
2020-11-20,887.0,907.2,884.3,903.6,903.9,14.1,0.0158,221768.0,347941.0,Z20,2020-12-29,39d,46.4,26.6,22.49285714285714,22.90000000000009,42.799999999999976
2020-11-23,905.4,930.7,904.1,928.0,928.2,24.3,0.0269,252961.0,307831.0,Z20,2020-12-29,36d,49.6,30.4,23.542857142857144,26.600000000000023,46.6
2020-11-24,932.0,938.3,911.6,913.4,913.3,-14.9,-0.0161,293474.0,307589.0,Z20,2020-12-29,35d,51.8,32.5,24.52857142857143,26.699999999999932,40.199999999999974
2020-11-25,929.0,935.7,903.2,927.1,927.3,14.0,0.0153,385649.0,320855.0,Z20,2020-12-29,34d,50.8,29.6,24.428571428571427,32.5,48.699999999999974
2020-11-26,927.1,935.7,921.2,935.3,935.0,7.7,0.0083,218045.0,313712.0,Z20,2020-12-29,33d,47.1,27.0,24.185714285714287,14.5,36.80000000000005
2020-11-27,931.6,937.8,927.7,930.6,930.9,-4.1,-0.0044,203463.0,310870.0,Z20,2020-12-29,32d,43.0,24.6,23.51428571428571,10.099999999999909,37.39999999999998
2020-11-30,924.6,927.5,907.6,910.0,909.2,-21.7,-0.0233,247214.0,309641.0,Z20,2020-12-29,29d,45.0,26.0,21.94285714285714,19.899999999999977,35.0
2020-12-01,916.0,926.0,915.1,919.1,918.8,9.6,0.0106,227471.0,305184.0,Z20,2020-12-29,28d,41.2,21.2,20.035714285714278,10.899999999999977,35.300000000000026
2020-12-02,916.0,925.0,912.3,917.6,918.2,-0.6,-0.0007,248755.0,297018.0,Z20,2020-12-29,27d,39.1,21.5,19.84999999999999,12.700000000000045,31.700000000000024
2020-12-03,922.5,934.4,919.0,928.2,927.9,9.7,0.0106,202601.0,292716.0,Z20,2020-12-29,26d,40.6,22.1,19.135714285714275,15.399999999999977,37.399999999999956
2020-12-04,926.9,944.8,926.5,941.2,940.6,12.7,0.0137,210176.0,283892.0,Z20,2020-12-29,25d,38.4,19.6,19.178571428571413,18.299999999999955,29.600000000000044
2020-12-08,940.0,959.3,929.9,954.1,953.9,13.3,0.0141,251695.0,283000.0,Z20,2020-12-29,21d,34.4,16.7,20.03571428571427,29.399999999999977,30.299999999999976
2020-12-09,959.0,967.0,953.1,959.2,959.6,5.7,0.01,231066.0,274622.0,Z20,2020-12-29,20d,33.2,15.0,18.828571428571415,13.899999999999977,23.999999999999957
2020-12-14,964.5,964.5,944.5,947.8,947.5,-12.1,-0.0126,216651.0,282174.0,Z20,2020-12-29,15d,27.2,11.4,19.557142857142846,20.0,24.999999999999954
2020-12-15,939.2,949.5,935.0,947.5,947.6,0.1,0.0001,191112.0,267976.0,Z20,2020-12-29,14d,29.3,13.2,18.957142857142838,14.5,26.8
2020-12-16,952.0,955.8,942.8,951.0,950.6,3.0,0.0032,167354.0,261852.0,Z20,2020-12-29,13d,25.0,10.9,17.985714285714266,13.0,24.0
2020-12-17,949.1,960.5,946.0,946.3,947.6,-3.0,-0.0032,172955.0,259834.0,Z20,2020-12-29,12d,23.2,10.1,17.1142857142857,14.5,19.499999999999954
2020-12-18,943.5,953.2,940.5,946.5,945.8,-1.8,-0.0019,192575.0,262522.0,Z20,2020-12-29,11d,23.1,8.7,15.699999999999989,12.700000000000045,19.6
2020-12-21,912.0,925.7,878.3,878.3,880.2,-65.6,-0.0694,290959.0,244343.0,Z20,2020-12-29,8d,41.0,25.5,18.049999999999994,47.40000000000009,37.700000000000045
2020-12-22,895.0,910.5,880.6,907.4,907.4,27.2,0.0309,279059.0,227432.0,Z20,2020-12-29,7d,31.9,14.9,19.464285714285715,29.899999999999977,24.50000000000002
2020-12-23,904.6,915.4,889.0,889.3,889.7,-17.7,-0.0195,258498.0,233371.0,Z20,2020-12-29,6d,27.7,20.0,19.928571428571427,26.399999999999977,16.999999999999954
2020-12-24,896.2,914.3,890.2,909.5,909.3,19.6,0.02,219349.0,192537.0,Z20,2020-12-29,5d,25.8,9.7,20.871428571428567,24.09999999999991,16.3
2020-12-28,922.1,927.9,905.0,908.3,908.1,-13.9,-0.0151,149648.0,96451.0,Z20,2020-12-29,1d,17.0,4.3,21.59999999999999,22.899999999999977,8.700000000000045
2021-01-04,888.9,923.1,886.2,923.0,922.5,17.0,0.0188,264422.0,283378.0,H21,2021-03-30,85d,87.2,66.6,23.135714285714275,36.89999999999998,85.2
2021-01-05,917.9,952.5,913.5,949.5,949.4,26.9,0.0292,314619.0,283183.0,H21,2021-03-30,84d,94.6,73.4,24.614285714285707,39.0,94.1
2021-01-06,950.5,953.4,930.7,938.0,938.5,-10.9,-0.0115,285807.0,275966.0,H21,2021-03-30,83d,100.5,80.5,24.135714285714275,22.699999999999932,88.5
2021-01-07,947.5,956.9,941.3,949.7,949.8,11.3,0.01,234909.0,279951.0,H21,2021-03-30,82d,99.8,77.9,24.25714285714285,15.600000000000023,99.50000000000004
2021-01-08,958.4,974.5,957.3,969.4,970.9,21.1,0.0222,232273.0,279802.0,H21,2021-03-30,81d,96.7,76.2,24.057142857142853,17.200000000000045,91.09999999999998
2021-01-11,970.0,979.0,963.1,968.1,968.2,-2.7,-0.0028,215074.0,283689.0,H21,2021-03-30,78d,96.0,74.4,24.15714285714285,15.899999999999977,89.10000000000002
2021-01-12,970.0,974.1,962.1,971.2,971.5,3.3,0.0034,175690.0,290210.0,H21,2021-03-30,77d,92.5,71.4,24.085714285714282,12.0,88.70000000000005
2021-01-13,975.0,988.0,971.6,977.0,976.8,5.3,0.0055,207239.0,286924.0,H21,2021-03-30,76d,88.7,68.0,24.221428571428564,16.399999999999977,86.7
2021-01-14,977.0,980.7,964.1,968.4,968.7,-8.1,-0.0083,200261.0,291302.0,H21,2021-03-30,75d,89.3,68.4,24.499999999999993,16.600000000000023,82.69999999999997
2021-01-15,968.9,972.4,948.5,953.5,954.1,-14.6,-0.0151,245275.0,297361.0,H21,2021-03-30,74d,85.0,63.3,22.821428571428555,23.899999999999977,81.5
2021-01-18,950.0,951.0,939.0,946.4,946.1,-8.0,-0.0084,166335.0,301871.0,H21,2021-03-30,71d,84.8,62.5,21.542857142857127,12.0,81.19999999999997
2021-01-19,954.5,962.4,949.5,949.9,950.6,4.5,0.0048,182667.0,292584.0,H21,2021-03-30,70d,82.7,60.0,20.578571428571415,12.899999999999977,82.59999999999998
2021-01-20,953.8,957.3,945.2,945.9,946.1,-4.5,-0.0047,186989.0,296800.0,H21,2021-03-30,69d,78.4,58.9,19.721428571428557,12.099999999999909,74.29999999999998
2021-01-21,951.0,959.7,942.0,950.0,949.2,3.1,0.0033,193716.0,300095.0,H21,2021-03-30,68d,73.8,52.1,19.34999999999999,17.700000000000045,73.8
2021-01-22,947.0,947.0,930.3,930.3,931.8,-17.4,-0.0183,204692.0,306085.0,H21,2021-03-30,67d,73.9,51.8,17.90714285714285,16.700000000000045,68.60000000000005
2021-01-25,937.0,938.2,925.5,936.0,935.4,3.6,0.0039,177227.0,314101.0,H21,2021-03-30,64d,72.5,50.5,16.02857142857143,12.700000000000045,61.5
2021-01-26,928.9,949.7,926.2,948.0,946.7,11.3,0.0121,206003.0,309814.0,H21,2021-03-30,63d,71.8,49.1,16.08571428571429,23.5,69.8
2021-01-27,946.0,946.0,929.5,931.8,932.1,-14.6,-0.0154,192206.0,314321.0,H21,2021-03-30,62d,69.2,48.1,16.150000000000002,16.5,62.40000000000005
2021-01-28,921.5,924.5,910.1,912.0,912.1,-20.0,-0.0215,224718.0,312490.0,H21,2021-03-30,61d,74.8,53.3,15.949999999999998,14.399999999999977,62.8
2021-01-29,916.0,918.0,905.0,909.0,909.4,-2.7,-0.0,223507.0,318519.0,H21,2021-03-30,60d,74.5,53.8,15.742857142857142,13.0,65.5
2021-02-01,909.0,923.3,903.5,917.8,917.5,8.1,0.0089,191903.0,313344.0,H21,2021-03-30,57d,71.8,50.1,16.299999999999994,19.799999999999955,64.59999999999995
2021-02-02,924.1,930.3,918.6,926.9,926.5,9.0,0.0098,184441.0,308997.0,H21,2021-03-30,56d,67.2,47.7,15.964285714285706,11.699999999999932,65.30000000000003
2021-02-03,932.3,934.2,918.0,921.3,920.5,-6.0,-0.0065,198835.0,314529.0,H21,2021-03-30,55d,66.8,46.2,15.93571428571428,16.200000000000045,63.09999999999995
2021-02-04,921.0,925.3,911.8,913.9,914.7,-5.8,-0.0063,196522.0,314954.0,H21,2021-03-30,54d,65.0,44.5,15.192857142857138,13.5,53.89999999999998
2021-02-05,921.5,931.4,918.6,931.3,930.3,15.6,0.0171,171211.0,309927.0,H21,2021-03-30,53d,65.6,44.3,15.249999999999991,12.799999999999955,59.30000000000004
2021-02-08,937.0,943.4,935.5,942.4,942.2,11.9,0.0128,128356.0,308504.0,H21,2021-03-30,50d,61.5,40.2,14.892857142857135,7.899999999999977,53.89999999999998
2021-02-09,946.9,951.5,943.2,944.8,945.0,2.8,0.0,146576.0,298795.0,H21,2021-03-30,49d,56.3,36.7,14.621428571428567,8.299999999999955,51.09999999999995
2021-02-10,949.0,950.3,942.5,950.0,949.5,4.5,0.0048,133907.0,300193.0,H21,2021-03-30,48d,54.6,34.8,13.914285714285702,7.7999999999999545,54.6
2021-02-11,952.8,953.0,933.3,934.8,937.6,-11.9,-0.0125,182393.0,304999.0,H21,2021-03-30,47d,58.8,36.9,14.128571428571417,19.700000000000045,49.00000000000004
2021-02-15,939.5,948.0,936.6,944.6,944.0,6.4,0.0068,129751.0,296315.0,H21,2021-03-30,43d,53.6,33.9,14.035714285714269,11.399999999999977,48.200000000000024
2021-02-16,947.0,948.9,941.4,943.6,944.7,0.7,0.0007,122274.0,298514.0,H21,2021-03-30,42d,51.8,31.6,12.892857142857126,7.5,45.40000000000002
2021-02-17,941.0,944.0,933.9,934.5,934.2,-10.5,-0.0111,166288.0,304809.0,H21,2021-03-30,41d,53.3,32.1,12.43571428571427,10.100000000000023,43.8
2021-02-18,934.0,938.3,929.2,933.3,933.2,-1.0,-0.0011,149288.0,308455.0,H21,2021-03-30,40d,50.5,29.8,12.057142857142837,9.099999999999909,42.200000000000045
2021-02-19,928.0,928.9,920.5,928.8,928.3,-4.9,-0.0053,145375.0,312449.0,H21,2021-03-30,39d,47.7,27.9,11.728571428571408,8.399999999999977,43.90000000000005
2021-02-22,927.0,929.0,908.6,912.9,913.1,-15.2,-0.0164,160714.0,320821.0,H21,2021-03-30,36d,49.5,29.0,11.771428571428553,20.399999999999977,37.39999999999998
2021-02-23,917.0,933.3,915.5,926.6,926.4,13.3,0.0146,202674.0,312951.0,H21,2021-03-30,35d,43.8,24.9,12.20714285714284,17.799999999999955,42.199999999999974
2021-02-24,929.5,932.3,916.5,924.5,924.6,-1.8,-0.0019,177059.0,300653.0,H21,2021-03-30,34d,42.2,23.5,12.178571428571404,15.799999999999955,41.7
2021-02-25,936.0,936.7,922.0,927.6,927.7,3.1,0.0034,189552.0,303965.0,H21,2021-03-30,33d,39.1,21.4,12.264285714285693,14.700000000000045,36.49999999999998
2021-03-01,918.9,932.6,917.2,930.0,929.7,2.0,0.0022,171569.0,307953.0,H21,2021-03-30,29d,40.3,21.3,12.44999999999998,15.399999999999977,35.3
2021-03-02,928.5,931.7,925.4,928.9,929.0,-0.7,-0.0008,145445.0,295109.0,H21,2021-03-30,28d,39.9,20.7,12.335714285714273,6.300000000000068,36.00000000000002
2021-03-03,931.0,963.4,931.0,963.0,962.4,33.4,0.04,220537.0,311130.0,H21,2021-03-30,27d,44.9,25.2,14.057142857142846,32.39999999999998,32.9
2021-03-04,955.0,958.3,946.7,953.7,953.3,-9.1,-0.0095,180556.0,296224.0,H21,2021-03-30,26d,39.9,22.5,14.328571428571413,11.599999999999909,36.19999999999995
2021-03-05,946.0,966.7,940.3,958.0,957.0,3.7,0.0039,255009.0,291449.0,H21,2021-03-30,25d,41.5,22.3,14.807142857142846,26.40000000000009,33.5
2021-03-08,964.0,969.5,952.0,954.0,954.5,-2.5,-0.0026,170254.0,282839.0,H21,2021-03-30,22d,38.4,20.1,15.242857142857133,17.5,34.4
2021-03-09,958.5,960.5,949.2,959.5,959.2,4.7,0.0049,159401.0,277926.0,H21,2021-03-30,21d,35.9,18.1,15.514285714285702,11.299999999999955,26.4
2021-03-10,957.0,975.6,955.3,970.7,970.9,11.7,0.0122,170374.0,279124.0,H21,2021-03-30,20d,33.7,16.7,16.242857142857133,20.300000000000068,29.40000000000005
2021-03-11,976.4,984.9,973.0,977.3,977.1,6.2,0.0064,138963.0,277344.0,H21,2021-03-30,19d,33.0,15.8,16.44285714285714,11.899999999999977,30.700000000000045
2021-03-12,977.1,983.5,966.9,973.9,973.8,-3.3,-0.0034,167381.0,281643.0,H21,2021-03-30,18d,30.9,14.3,17.02857142857143,16.600000000000023,29.799999999999976
2021-03-15,977.9,978.5,963.3,969.0,968.9,-4.9,-0.01,151630.0,263436.0,H21,2021-03-30,15d,30.7,13.3,16.657142857142862,15.200000000000045,24.7
2021-03-16,967.5,973.0,960.5,963.0,963.5,-5.4,-0.0056,149642.0,265544.0,H21,2021-03-30,14d,28.9,11.1,16.278571428571436,12.5,16.9
2021-03-17,960.7,971.0,958.5,965.6,965.5,2.0,0.0021,152961.0,249983.0,H21,2021-03-30,13d,27.9,10.3,16.04285714285715,12.5,18.50000000000002
2021-03-18,975.0,978.3,963.0,966.0,966.6,1.1,0.0011,170319.0,245313.0,H21,2021-03-30,12d,23.2,8.2,16.08571428571429,15.299999999999955,14.2
2021-03-19,957.1,961.2,953.0,958.0,958.1,-8.5,-0.0088,153126.0,239026.0,H21,2021-03-30,11d,22.7,7.3,15.57142857142858,8.200000000000045,14.7
2021-03-22,953.1,963.0,950.5,956.8,957.1,-1.0,-0.0,128971.0,236734.0,H21,2021-03-30,8d,19.3,5.6,16.014285714285716,12.5,12.500000000000046
2021-03-23,958.6,962.7,954.0,958.4,958.4,1.3,0.0014,115863.0,233129.0,H21,2021-03-30,7d,17.8,4.7,14.32142857142858,8.700000000000045,9.400000000000023
2021-03-24,953.0,961.8,949.8,961.5,960.8,2.4,0.0025,124609.0,229560.0,H21,2021-03-30,6d,18.7,3.8,14.350000000000014,12.0,7.199999999999999
2021-03-25,961.1,968.0,958.4,958.4,959.0,-1.8,-0.0019,168934.0,224417.0,H21,2021-03-30,5d,17.4,3.4,13.15000000000001,9.600000000000023,9.000000000000021
2021-03-26,960.5,970.0,957.5,962.2,962.7,3.7,0.0039,183409.0,183490.0,H21,2021-03-30,4d,17.4,3.4,12.792857142857153,12.5,5.199999999999953
2021-03-29,966.3,973.3,965.3,969.5,969.2,6.5,0.0068,106773.0,88198.0,H21,2021-03-30,1d,11.2,0.7,12.55714285714287,8.0,5.699999999999999
2021-03-30,973.0,975.3,968.3,973.6,973.64,4.44,0.0046,39361.0,48955.0,H21,2021-03-30,0ms,2.0,0.3,11.607142857142865,7.0,0.6000000000000227
2021-03-31,967.5,969.8,964.5,964.7,965.1,-2.9,-0.0,105194.0,261833.0,M21,2021-06-29,90d,56.9,36.9,11.135714285714291,5.2999999999999545,46.600000000000044
2021-04-01,967.0,973.5,965.6,969.0,969.0,3.9,0.0,117927.0,264589.0,M21,2021-06-29,89d,53.3,33.6,10.514285714285718,7.899999999999977,47.3
2021-04-02,972.0,974.8,969.0,971.4,971.7,2.7,0.0028,75892.0,264826.0,M21,2021-06-29,88d,50.1,30.4,9.84285714285714,5.7999999999999545,46.49999999999998
2021-04-05,972.5,972.9,956.7,962.0,961.8,-9.9,-0.0102,150221.0,263101.0,M21,2021-06-29,85d,52.7,30.9,10.107142857142849,16.199999999999932,40.7
2021-04-07,954.8,957.9,944.8,944.9,945.5,-16.3,-0.0169,172067.0,274906.0,M21,2021-06-29,83d,52.5,32.3,10.149999999999993,13.100000000000023,47.39999999999998
2021-04-08,945.0,949.0,942.5,945.4,945.0,-0.5,-0.0005,123338.0,278164.0,M21,2021-06-29,82d,52.2,31.5,9.521428571428569,6.5,47.59999999999998
2021-04-09,942.0,956.1,942.0,950.4,950.6,5.6,0.0059,155918.0,285627.0,M21,2021-06-29,81d,50.1,30.1,9.942857142857138,14.100000000000023,49.700000000000024
2021-04-12,947.0,948.4,934.6,938.9,939.3,-11.3,-0.0119,162627.0,279256.0,M21,2021-06-29,78d,51.5,32.9,10.035714285714278,13.799999999999955,40.39999999999998
2021-04-16,937.0,944.1,934.5,942.5,942.8,3.5,0.0037,157506.0,292076.0,M21,2021-06-29,74d,50.4,31.5,10.09999999999999,9.600000000000023,42.9
2021-04-19,945.5,957.4,943.6,954.9,954.9,12.1,0.0128,161105.0,298244.0,M21,2021-06-29,71d,47.5,29.0,10.228571428571415,13.799999999999955,42.60000000000002
2021-04-20,953.9,959.8,952.1,959.1,959.0,4.1,0.0043,130893.0,293084.0,M21,2021-06-29,70d,46.4,27.3,10.092857142857124,7.699999999999932,37.299999999999976
2021-04-21,955.0,959.4,953.7,956.1,956.9,-2.1,-0.0022,122749.0,296100.0,M21,2021-06-29,69d,45.6,26.6,9.607142857142833,5.699999999999932,39.49999999999998
2021-04-22,959.5,960.8,945.1,949.0,949.1,-7.8,-0.0082,168668.0,294640.0,M21,2021-06-29,68d,45.4,25.7,10.157142857142828,15.699999999999932,44.4
2021-04-23,944.2,944.7,936.4,937.3,937.9,-11.2,-0.0118,142469.0,303527.0,M21,2021-06-29,67d,47.9,27.9,10.249999999999975,8.300000000000068,35.600000000000044
2021-04-26,935.5,943.0,933.2,940.0,940.0,2.1,0.0022,132829.0,305345.0,M21,2021-06-29,64d,45.0,26.0,10.571428571428546,9.799999999999955,35.0
2021-04-27,941.0,945.5,936.1,939.1,938.8,-1.2,-0.0013,143121.0,303442.0,M21,2021-06-29,63d,43.5,25.6,10.678571428571404,9.399999999999977,32.60000000000002
2021-04-28,942.0,952.6,941.4,949.6,949.0,10.2,0.0109,158082.0,302202.0,M21,2021-06-29,62d,43.6,24.3,11.064285714285697,11.200000000000045,43.200000000000024
2021-04-29,954.7,965.0,953.7,963.2,962.5,13.5,0.0142,160771.0,308741.0,M21,2021-06-29,61d,43.1,23.9,10.714285714285698,11.299999999999955,31.300000000000047
2021-04-30,960.5,962.3,953.2,955.7,955.5,-7.0,-0.0073,139561.0,302000.0,M21,2021-06-29,60d,41.7,23.1,10.428571428571404,9.099999999999909,35.99999999999996
2021-05-05,952.0,952.9,918.3,918.3,919.2,-36.3,-0.04,363156.0,364212.0,M21,2021-06-29,55d,48.5,29.8,12.435714285714264,34.60000000000002,41.799999999999955
2021-05-06,922.5,945.3,921.3,940.0,939.8,20.6,0.0224,268463.0,327671.0,M21,2021-06-29,54d,45.7,27.1,13.14285714285712,24.0,35.7
2021-05-07,944.9,956.7,944.6,954.7,954.5,14.7,0.0156,208606.0,312620.0,M21,2021-06-29,53d,44.8,27.0,13.021428571428553,12.100000000000023,40.09999999999995
2021-05-10,961.4,965.0,947.0,958.0,957.7,3.2,0.0034,187171.0,301359.0,M21,2021-06-29,50d,46.2,27.3,13.62142857142855,18.0,38.2
2021-05-11,947.3,957.0,945.2,956.9,956.2,-1.5,-0.0016,199193.0,299155.0,M21,2021-06-29,49d,47.0,27.4,13.478571428571408,11.799999999999955,40.10000000000002
2021-05-12,954.0,954.7,940.0,949.1,949.5,-6.7,-0.01,240141.0,297099.0,M21,2021-06-29,48d,44.6,26.0,13.978571428571415,14.700000000000045,43.700000000000024
2021-05-13,939.0,939.9,906.3,930.5,930.5,-19.0,-0.02,332972.0,315455.0,M21,2021-06-29,47d,54.9,34.9,15.971428571428564,33.60000000000002,49.4
2021-05-14,941.5,942.0,923.7,935.0,935.2,4.7,0.0051,253525.0,314282.0,M21,2021-06-29,46d,56.8,35.0,16.15714285714285,18.299999999999955,46.8
2021-05-17,929.5,939.9,925.0,934.8,935.0,-0.2,-0.0002,198434.0,306013.0,M21,2021-06-29,43d,56.7,35.3,16.628571428571416,14.899999999999977,46.90000000000005
2021-05-18,941.1,949.8,940.7,947.3,947.2,12.2,0.01,150002.0,300559.0,M21,2021-06-29,42d,45.0,27.3,16.578571428571415,9.099999999999909,42.299999999999955
2021-05-19,942.5,945.4,938.4,941.1,941.1,-6.1,-0.0064,145488.0,294080.0,M21,2021-06-29,41d,44.6,26.6,16.407142857142844,7.0,35.700000000000024
2021-05-20,941.0,944.9,934.7,935.9,935.9,-5.2,-0.0055,171488.0,292847.0,M21,2021-06-29,40d,44.4,26.0,16.335714285714264,10.199999999999932,33.50000000000002
2021-05-21,938.8,940.8,932.0,937.8,937.9,2.0,0.0021,151621.0,286726.0,M21,2021-06-29,39d,43.8,24.6,16.157142857142837,8.799999999999955,31.59999999999995
2021-05-24,936.0,938.8,933.2,934.5,934.4,-3.5,-0.0037,111032.0,292689.0,M21,2021-06-29,36d,44.1,24.2,15.907142857142835,5.599999999999909,34.6
2021-05-25,941.5,948.0,939.7,945.0,944.7,10.3,0.01,160442.0,295737.0,M21,2021-06-29,35d,39.6,21.1,14.028571428571402,8.299999999999955,34.6
2021-05-27,943.1,960.0,943.1,952.8,952.8,8.1,0.0086,204772.0,307477.0,M21,2021-06-29,33d,37.0,18.8,13.521428571428544,16.899999999999977,34.200000000000045
2021-05-28,959.2,964.5,954.7,957.3,957.1,4.3,0.0045,154730.0,301745.0,M21,2021-06-29,32d,36.2,17.5,13.357142857142824,9.799999999999955,28.90000000000005
2021-05-31,958.0,961.5,951.6,961.4,961.3,4.2,0.0044,135320.0,305052.0,M21,2021-06-29,29d,36.1,17.4,12.778571428571395,9.899999999999977,24.700000000000024
2021-06-01,963.0,983.8,962.8,981.7,981.1,19.8,0.0206,196724.0,314719.0,M21,2021-06-29,28d,35.2,17.7,13.435714285714255,21.0,28.499999999999957
2021-06-02,984.5,984.9,974.1,978.3,978.4,-2.7,-0.0028,164771.0,313828.0,M21,2021-06-29,27d,32.2,15.1,13.15714285714282,10.799999999999955,28.90000000000005
2021-06-04,974.2,977.5,969.2,970.5,969.9,-8.5,-0.0087,149125.0,309466.0,M21,2021-06-29,25d,31.0,14.4,11.349999999999957,8.299999999999955,26.5
2021-06-07,971.0,980.2,969.6,970.5,970.7,0.8,0.0008,151599.0,302368.0,M21,2021-06-29,22d,30.5,12.9,10.799999999999963,10.600000000000023,26.0
2021-06-08,970.3,973.5,965.7,969.4,969.6,-1.1,-0.0011,144424.0,308476.0,M21,2021-06-29,21d,26.5,11.4,10.292857142857104,7.7999999999999545,20.899999999999977
2021-06-09,972.0,982.0,971.2,978.4,978.2,8.6,0.0089,144231.0,300600.0,M21,2021-06-29,20d,24.5,9.5,10.414285714285679,10.799999999999955,21.100000000000023
2021-06-11,984.0,990.6,981.1,990.4,989.9,9.0,0.0092,130624.0,300287.0,M21,2021-06-29,18d,25.4,9.2,10.592857142857108,9.5,15.799999999999976
2021-06-14,994.3,995.2,984.1,987.4,987.6,-2.3,-0.0023,117233.0,300744.0,M21,2021-06-29,15d,23.2,7.9,10.657142857142828,11.100000000000023,10.800000000000022
2021-06-15,986.8,986.9,976.6,979.3,979.5,-8.1,-0.0082,139806.0,302500.0,M21,2021-06-29,14d,21.1,6.9,10.764285714285686,10.299999999999955,16.800000000000047
2021-06-16,979.4,982.4,975.0,978.1,978.3,-1.2,-0.0012,115417.0,306560.0,M21,2021-06-29,13d,21.2,6.0,10.89285714285712,7.399999999999977,18.099999999999977
2021-06-17,974.1,979.8,970.5,971.9,972.0,-6.3,-0.0064,137031.0,302626.0,M21,2021-06-29,12d,19.2,5.8,10.96428571428569,9.299999999999955,16.099999999999977
2021-06-18,973.9,974.0,964.2,970.2,970.7,-1.3,-0.0013,152558.0,298752.0,M21,2021-06-29,11d,17.6,4.2,10.45714285714283,9.799999999999955,12.800000000000047
2021-06-21,958.0,964.3,952.9,960.1,960.3,-10.4,-0.0107,151660.0,292633.0,M21,2021-06-29,8d,20.8,5.4,10.571428571428546,11.399999999999977,10.699999999999978
2021-06-22,965.0,968.2,960.1,960.4,960.7,0.4,0.0004,110291.0,287158.0,M21,2021-06-29,7d,19.8,4.2,10.442857142857122,8.100000000000023,9.400000000000023
2021-06-23,965.0,967.7,957.5,958.1,958.4,-2.3,-0.0024,146931.0,277605.0,M21,2021-06-29,6d,17.3,2.9,9.671428571428553,10.200000000000045,9.199999999999978
2021-06-24,957.0,957.0,947.3,955.0,955.4,-3.0,-0.0031,198083.0,284193.0,M21,2021-06-29,5d,14.5,2.5,9.592857142857131,9.700000000000045,9.5
2021-06-25,957.0,960.6,950.7,954.5,954.4,-1.0,-0.0,198643.0,234043.0,M21,2021-06-29,4d,13.4,1.3,9.707142857142847,9.899999999999977,8.9
2021-06-28,948.0,953.0,945.3,951.0,951.0,-3.4,-0.0036,137655.0,125529.0,M21,2021-06-29,1d,7.9,0.5,9.499999999999991,7.7000000000000455,6.9
2021-06-29,952.0,965.0,949.0,955.3,955.21,4.21,0.0044,47111.0,51204.0,M21,2021-06-29,0ms,5.1,0.2,10.08571428571428,16.0,-0.19999999999995488
2021-06-30,952.2,956.0,945.0,947.1,947.5,-5.4,-0.0057,150981.0,315448.0,U21,2021-09-29,91d,48.2,28.5,10.099999999999998,11.0,45.300000000000026
2021-07-01,948.0,955.0,945.2,951.6,951.1,3.6,0.0038,141586.0,315117.0,U21,2021-09-29,90d,48.0,27.8,10.121428571428567,9.799999999999955,46.39999999999998
2021-07-02,951.2,951.6,940.3,943.3,943.5,-7.6,-0.01,174160.0,326168.0,U21,2021-09-29,89d,46.6,26.7,10.135714285714284,11.300000000000068,39.899999999999956
2021-07-05,943.2,946.0,939.9,944.8,944.8,1.3,0.0014,110774.0,318562.0,U21,2021-09-29,86d,46.8,27.3,9.835714285714289,6.100000000000023,41.59999999999995
2021-07-06,947.3,952.0,947.3,949.4,949.2,4.4,0.0047,128051.0,322554.0,U21,2021-09-29,85d,44.8,25.0,9.642857142857151,4.7000000000000455,44.199999999999974
2021-07-07,945.1,947.4,940.3,941.3,941.4,-7.8,-0.0082,148284.0,325686.0,U21,2021-09-29,84d,45.8,25.8,9.485714285714298,7.100000000000023,37.09999999999995
2021-07-08,933.3,934.7,920.5,925.3,925.3,-16.1,-0.0171,188894.0,339529.0,U21,2021-09-29,83d,48.6,28.8,9.80000000000002,14.200000000000045,48.30000000000005
2021-07-09,921.9,930.4,920.5,930.0,929.9,4.6,0.01,177313.0,335925.0,U21,2021-09-29,82d,49.7,29.7,9.692857142857163,9.899999999999977,44.7
2021-07-12,933.0,933.6,924.1,926.0,926.0,-3.9,-0.0042,121888.0,337322.0,U21,2021-09-29,79d,48.2,28.9,9.79285714285716,9.5,47.2
2021-07-13,929.9,939.5,929.6,937.3,937.3,11.3,0.0122,166433.0,343298.0,U21,2021-09-29,78d,48.5,28.3,9.771428571428585,9.899999999999977,36.200000000000045
2021-07-14,935.5,938.6,932.1,936.1,936.1,-1.2,-0.0013,145788.0,337077.0,U21,2021-09-29,77d,47.5,28.0,9.542857142857153,6.5,36.39999999999998
2021-07-15,937.0,938.6,933.7,934.5,934.9,-1.2,-0.0013,132895.0,336028.0,U21,2021-09-29,76d,46.2,26.9,9.185714285714296,4.899999999999977,36.7
2021-07-16,932.7,936.0,928.5,935.3,935.2,0.3,0.0003,147975.0,335706.0,U21,2021-09-29,75d,44.7,25.5,9.171428571428578,7.5,34.40000000000005
2021-07-19,922.0,925.5,919.4,922.4,922.3,-12.9,-0.0138,146973.0,341434.0,U21,2021-09-29,72d,44.4,26.2,8.464285714285722,6.100000000000023,41.799999999999976
2021-07-20,920.0,921.6,911.2,914.6,914.6,-7.7,-0.0083,186448.0,346854.0,U21,2021-09-29,71d,47.8,27.8,8.421428571428578,10.399999999999977,37.40000000000002
2021-07-21,915.0,918.4,912.2,916.1,916.3,1.7,0.0019,144448.0,345075.0,U21,2021-09-29,70d,45.9,26.5,8.16428571428572,6.199999999999932,37.00000000000002
2021-07-22,920.4,924.5,920.3,923.9,923.8,7.5,0.0082,127942.0,340268.0,U21,2021-09-29,69d,43.8,25.2,7.65714285714286,4.2000000000000455,42.699999999999974
2021-07-23,922.0,922.0,915.2,917.0,917.5,-6.3,-0.0068,136771.0,324681.0,U21,2021-09-29,68d,43.1,25.0,7.7071428571428555,6.7999999999999545,35.1
2021-07-27,915.0,916.6,907.5,910.6,911.0,-6.5,-0.0071,147142.0,327064.0,U21,2021-09-29,64d,46.6,26.7,8.021428571428569,9.100000000000023,35.99999999999998
2021-07-29,910.0,916.0,909.1,915.0,914.9,3.9,0.0043,145775.0,325694.0,U21,2021-09-29,62d,42.5,24.1,8.007142857142851,6.899999999999977,32.5
2021-07-30,913.9,913.9,903.3,905.8,906.1,-8.8,-0.0096,190629.0,321634.0,U21,2021-09-29,61d,43.9,25.4,7.749999999999992,10.600000000000023,38.100000000000044
2021-08-02,905.5,910.3,901.8,910.2,910.0,3.9,0.0043,143536.0,326892.0,U21,2021-09-29,58d,44.2,25.9,7.649999999999993,8.5,33.99999999999996
2021-08-03,906.5,915.3,906.0,914.5,914.6,4.6,0.0051,144640.0,330113.0,U21,2021-09-29,57d,41.8,23.3,7.635714285714276,9.299999999999955,31.299999999999997
2021-08-04,914.2,920.5,910.9,918.9,918.9,4.3,0.0047,164700.0,327159.0,U21,2021-09-29,56d,41.0,22.3,7.614285714285708,9.600000000000023,34.89999999999998
2021-08-05,917.0,918.7,904.8,907.0,907.2,-11.7,-0.0127,221384.0,327475.0,U21,2021-09-29,55d,40.8,22.4,8.142857142857142,13.900000000000091,33.8
2021-08-06,908.0,908.9,896.2,900.2,900.4,-6.8,-0.0075,201856.0,328525.0,U21,2021-09-29,54d,40.5,22.1,8.699999999999998,12.699999999999932,40.299999999999955
2021-08-09,903.8,917.3,903.0,914.8,914.7,14.3,0.0159,197826.0,339980.0,U21,2021-09-29,51d,39.6,20.8,9.18571428571428,14.299999999999955,29.399999999999956
2021-08-10,914.0,919.3,911.0,913.3,913.5,-1.2,-0.0013,176142.0,334128.0,U21,2021-09-29,50d,38.5,20.0,9.342857142857131,8.299999999999955,26.799999999999955
2021-08-11,916.4,921.7,908.0,910.9,910.7,-2.8,-0.0031,228949.0,343557.0,U21,2021-09-29,49d,38.4,19.8,9.578571428571422,13.700000000000045,27.50000000000002
2021-08-13,909.0,914.0,905.3,913.2,913.1,2.4,0.0026,210519.0,356392.0,U21,2021-09-29,47d,37.6,18.4,9.757142857142858,8.700000000000045,25.800000000000047
2021-08-16,909.8,918.7,905.4,917.8,917.7,4.6,0.01,212181.0,354356.0,U21,2021-09-29,44d,36.0,17.4,10.40714285714286,13.300000000000068,28.799999999999955
2021-08-17,919.9,924.5,914.0,924.4,924.2,6.5,0.0071,190259.0,359403.0,U21,2021-09-29,43d,35.1,17.3,10.671428571428578,10.5,34.49999999999998
2021-08-18,924.0,928.5,922.0,926.0,926.1,1.9,0.0021,164864.0,363601.0,U21,2021-09-29,42d,34.2,15.7,10.485714285714291,6.5,33.2
2021-08-19,921.2,924.5,918.6,920.7,920.9,-5.2,-0.0056,181546.0,370900.0,U21,2021-09-29,41d,34.0,15.9,10.41428571428572,5.899999999999977,29.700000000000045
2021-08-20,922.8,925.8,919.6,925.1,924.9,4.0,0.0043,170538.0,382126.0,U21,2021-09-29,40d,31.2,14.5,10.099999999999998,6.199999999999932,31.099999999999977
2021-08-23,934.0,951.8,933.3,948.6,949.2,24.3,0.0263,246310.0,376616.0,U21,2021-09-29,37d,28.8,12.6,10.814285714285713,18.5,27.400000000000023
2021-08-24,955.0,960.7,951.0,954.0,953.8,4.6,0.0048,201129.0,363909.0,U21,2021-09-29,36d,25.6,12.1,10.842857142857147,9.700000000000045,21.6
2021-08-25,954.0,962.8,952.8,961.1,960.9,7.1,0.0074,187874.0,359213.0,U21,2021-09-29,35d,30.1,12.1,10.871428571428575,10.0,18.99999999999998
2021-08-26,959.1,961.5,955.5,960.0,960.0,-0.9,-0.0009,139515.0,354841.0,U21,2021-09-29,34d,29.9,12.0,10.307142857142853,6.0,19.9
2021-08-27,961.7,970.3,957.7,967.4,966.3,6.3,0.0066,182621.0,339698.0,U21,2021-09-29,33d,29.8,13.4,10.299999999999995,12.599999999999909,22.199999999999978
2021-08-30,972.0,986.8,971.4,984.3,983.9,17.6,0.0182,171585.0,336633.0,U21,2021-09-29,30d,31.5,13.6,10.378571428571425,15.399999999999977,22.200000000000045
2021-08-31,980.0,991.0,979.3,984.8,984.8,0.9,0.0009,196145.0,341894.0,U21,2021-09-29,29d,30.1,13.6,10.621428571428575,11.700000000000045,20.300000000000047
2021-09-01,985.6,991.7,982.2,985.5,985.7,0.9,0.0009,168305.0,342075.0,U21,2021-09-29,28d,29.5,12.5,10.321428571428571,9.5,19.0
2021-09-02,984.5,999.4,982.9,996.5,995.5,9.8,0.0099,193469.0,349893.0,U21,2021-09-29,27d,25.8,11.0,10.878571428571425,16.5,22.3
2021-09-03,998.8,1002.7,994.2,998.8,998.8,3.3,0.0033,164430.0,347236.0,U21,2021-09-29,26d,26.9,10.6,10.535714285714278,8.5,25.699999999999953
2021-09-06,998.4,999.1,991.7,995.2,995.4,-3.4,-0.0034,119003.0,330503.0,U21,2021-09-29,23d,25.5,9.0,10.314285714285704,7.399999999999977,20.700000000000045
2021-09-07,995.0,1004.9,986.2,986.6,986.9,-8.5,-0.0085,201765.0,328818.0,U21,2021-09-29,22d,28.3,10.0,11.18571428571427,18.699999999999932,16.699999999999978
2021-09-08,985.0,990.7,981.6,990.4,990.5,3.6,0.0036,155951.0,329934.0,U21,2021-09-29,21d,24.3,9.0,11.414285714285702,9.100000000000023,14.699999999999978
2021-09-09,988.0,992.5,976.6,977.5,977.3,-13.2,-0.0133,201555.0,331643.0,U21,2021-09-29,20d,26.3,8.5,12.107142857142849,15.899999999999977,23.8
2021-09-10,982.0,987.5,973.4,984.1,983.9,6.6,0.0068,187351.0,321253.0,U21,2021-09-29,19d,26.5,8.9,11.792857142857136,14.100000000000023,17.399999999999977
2021-09-13,981.5,986.7,977.3,979.3,979.3,-4.6,-0.0047,183492.0,321971.0,U21,2021-09-29,16d,25.0,7.7,11.771428571428569,9.400000000000091,20.700000000000045
2021-09-14,983.5,985.0,972.7,973.3,973.3,-6.0,-0.0061,186764.0,320208.0,U21,2021-09-29,15d,22.7,6.8,11.93571428571428,12.299999999999955,20.999999999999954
2021-09-15,971.0,976.4,970.0,974.5,974.9,1.6,0.0016,132883.0,308477.0,U21,2021-09-29,14d,21.1,6.2,11.964285714285706,6.399999999999977,20.6
2021-09-16,977.2,979.6,974.0,976.0,976.2,1.3,0.0013,115342.0,299646.0,U21,2021-09-29,13d,17.6,5.0,11.464285714285714,5.600000000000023,16.6
2021-09-17,974.5,976.2,966.6,970.4,970.5,-5.7,-0.0058,182983.0,306322.0,U21,2021-09-29,12d,16.1,4.0,11.050000000000002,9.600000000000023,11.499999999999979
2021-09-20,961.0,964.9,956.6,956.8,957.3,-13.2,-0.0136,134015.0,297980.0,U21,2021-09-29,9d,19.6,4.3,10.807142857142853,8.299999999999955,12.800000000000047
2021-09-21,960.0,966.9,952.4,965.6,965.5,8.2,0.0086,181636.0,298255.0,U21,2021-09-29,8d,17.7,3.8,11.164285714285711,14.5,8.300000000000022
2021-09-22,964.1,969.9,960.5,966.8,966.4,0.9,0.0009,140234.0,291010.0,U21,2021-09-29,7d,16.3,2.8,10.657142857142853,9.399999999999977,8.099999999999955
2021-09-27,984.5,984.8,970.0,970.2,971.8,-8.5,-0.0087,218998.0,261749.0,U21,2021-09-29,2d,10.1,1.0,11.107142857142849,14.799999999999955,5.300000000000045
2021-09-28,971.0,978.0,967.1,968.6,968.8,-3.0,-0.0031,145249.0,107449.0,U21,2021-09-29,1d,8.5,0.6,11.357142857142849,10.899999999999977,2.1000000000000227
2021-09-29,963.1,976.0,963.1,970.2,970.27,1.47,0.0015,43935.0,30889.0,U21,2021-09-29,0ms,4.4,0.2,10.942857142857138,12.899999999999977,-0.39999999999995417
